Time,PopulationSize,CooperatorProportion,MinCooperatorFitness,MaxCooperatorFitness,MeanCooperatorFitness,MinDefectorFitness,MaxDefectorFitness,MeanDefectorFitness,ShannonIndex,SimpsonIndex
0,2139,0.0977092099112,3.6,3.6,3.6,2.98,2.98,2.98,0.320020238897,0.823675759581
1,2138,0.0991580916745,3.4746,3.6,3.49175377358,2.9224,2.98,2.93610685358,0.32322916403,0.82134847094
2,2119,0.109013685701,3.3417,3.6,3.37798051948,2.8582,3.2533,2.94684777542,0.344448227589,0.805740595939
3,2091,0.0726924916308,3.03015,3.3873,3.20195230263,2.8582,3.2533,2.95284350181,0.260548554195,0.865183413417
4,2252,0.0852575488455,2.9856,3.3873,3.1844671875,2.8582,3.1909,2.96335145631,0.29142598273,0.844022601579
5,2249,0.0840373499333,2.94885,3.2844,3.10935714286,2.8708,3.1909,2.96331453883,0.288520905218,0.846049852501
6,2195,0.102505694761,2.93235,3.2844,3.089984,2.8708,3.1909,2.97015307107,0.330553922635,0.816003445395
7,2219,0.105002253267,2.93235,3.21345,3.07782682403,2.8726,3.1381,2.97424984894,0.335937042776,0.812046439848
8,2339,0.116289012398,2.92425,3.23115,3.09024761029,2.8726,3.15115,2.98236647315,0.359465312161,0.794468244012
9,2381,0.115077698446,2.9448,3.23115,3.07717335766,2.8834,3.15115,2.98582088277,0.357001544498,0.796330356467
10,2272,0.110035211268,2.9295,3.16605,3.0551358,2.8834,3.10405,2.98223560831,0.346588948231,0.804145072902
11,2316,0.115716753022,2.9064,3.15045,3.05110130597,2.8834,3.10405,2.9837552002,0.35830314507,0.795347227815
12,2290,0.118777292576,2.88675,3.17805,3.08819889706,2.88895,3.11275,2.99491719524,0.364481732585,0.790661505311
13,2313,0.108084738435,2.90235,3.17805,3.0463602,2.88895,3.11275,2.98163756665,0.342492190147,0.807195144495
14,2287,0.114560559685,2.889,3.177,3.05281603053,2.88895,3.1114,2.98412414815,0.355945322333,0.7971271243
15,2358,0.118320610687,2.9298,3.18435,3.05818548387,2.89075,3.11725,2.99003290043,0.363565517236,0.791358312453
16,2357,0.123037759864,2.93565,3.18435,3.06089793103,2.89075,3.11725,2.98696756168,0.372934136909,0.784201060976
17,2189,0.127912288716,2.9121,3.15075,3.05054035714,2.908,3.0907,2.98889384494,0.382398696253,0.776898529777
18,2360,0.125847457627,2.9121,3.16185,3.07486515152,2.8837,3.1015,2.99916299079,0.378415960863,0.779980249928
19,2342,0.123825789923,2.93865,3.16185,3.04357396552,2.8837,3.1015,2.98976688596,0.374478934007,0.783014072654
20,2367,0.12209547951,2.94375,3.16185,3.05102854671,2.8837,3.1015,2.9948219923,0.371079400569,0.785623653214
21,2322,0.132213608958,2.96115,3.1956,3.05542035831,2.9002,3.12595,2.99237555831,0.390573126777,0.770533658872
22,2401,0.14035818409,2.95335,3.20655,3.07167195846,2.9227,3.13315,3.00127165698,0.405613160639,0.758684471502
23,2421,0.147046674928,2.9592,3.21825,3.07589241573,2.90665,3.1417,3.00471556901,0.417551855813,0.749152099359
24,2440,0.145901639344,2.93295,3.21825,3.06832710674,2.90665,3.1417,3.00344822457,0.41553369707,0.750771298038
25,2389,0.134784428631,2.9499,3.13815,3.05300822981,2.9236,3.08335,3.00164433962,0.395381547272,0.76676482714
26,2400,0.134166666667,2.9499,3.13305,3.04685263975,2.9236,3.08335,2.99736542348,0.394231302847,0.767668055556
27,2363,0.138806601777,2.9241,3.1314,3.05716234756,2.91865,3.0793,3.00221820639,0.402791192663,0.760921341839
28,2348,0.148211243612,2.90295,3.13425,3.06309698276,2.90095,3.0805,3.003680875,0.419593720111,0.747510658243
29,2399,0.155064610254,2.90295,3.1926,3.06717620968,2.90095,3.1216,3.00507012827,0.431394493082,0.737960846198
30,2501,0.155537784886,2.96175,3.19815,3.06978046272,2.90095,3.12715,3.007659375,0.432195868286,0.737308435282
31,2418,0.156327543424,2.9793,3.19815,3.04704404762,2.9473,3.12715,3.00574764706,0.433529619639,0.736221514818
32,2457,0.16687016687,2.8716,3.1926,3.07161256098,2.87545,3.12715,3.01785444553,0.450888580773,0.721950971442
33,2385,0.167295597484,2.95125,3.1788,3.05756578947,2.87545,3.11485,3.01537318731,0.451572011404,0.721384438907
34,2381,0.177656446871,2.9766,3.1788,3.06669751773,2.9569,3.11485,3.0170412666,0.467821177294,0.707810732488
35,2545,0.172495088409,2.9748,3.2157,3.07954817768,2.95585,3.14065,3.02503689459,0.459820517922,0.714518934233
36,2583,0.192799070848,2.9028,3.2157,3.08471144578,2.89945,3.14065,3.02378877698,0.490256286617,0.688744821744
37,2542,0.189221085759,2.96685,3.2157,3.08646112266,2.89945,3.14065,3.02668609898,0.485091557911,0.693167067073
38,2581,0.185199535064,2.9268,3.22425,3.09422196653,2.91655,3.14575,3.02319051355,0.479186884091,0.698198665448
39,2456,0.1832247557,2.9268,3.22425,3.09569766667,2.91655,3.14575,3.01608509472,0.476248272533,0.700693110802
40,2466,0.194241686942,2.9268,3.2397,3.0948388309,2.94325,3.15715,3.02224036236,0.492315329665,0.686976292008
41,2616,0.206422018349,2.9334,3.2397,3.11146138889,2.92135,3.15715,3.03357406069,0.509177366056,0.672376062621
42,2593,0.212880833012,2.9334,3.21135,3.09457581522,2.92135,3.15715,3.02768258207,0.517748630182,0.664874832104
43,2634,0.219058466211,2.9496,3.21135,3.09510935875,2.9374,3.1363,3.0359104035,0.525713708123,0.657856290815
44,2583,0.232675183895,2.9496,3.23235,3.10134184692,2.9374,3.1519,3.04131329465,0.54248864576,0.642925114611
45,2739,0.229280759401,2.9964,3.23235,3.10775541401,2.9374,3.1519,3.04586790621,0.538405813458,0.646577814461
46,2728,0.223240469208,2.9505,3.23235,3.10910024631,2.93605,3.1519,3.0452708117,0.530978825046,0.653191675768
47,2615,0.219885277247,2.9505,3.21495,3.10779834783,2.93605,3.13855,3.04125345588,0.526762722347,0.656928515806
48,2732,0.240117130307,2.99535,3.21495,3.0930788872,2.97025,3.13855,3.03771459538,0.551214904188,0.635078211919
49,2778,0.259539236861,2.9205,3.26235,3.12074313454,2.91085,3.172,3.05216596986,0.572574421443,0.615642757219
50,2682,0.26062639821,2.9205,3.26475,3.12635364807,2.91085,3.17425,3.05419826021,0.573711090808,0.614599442468
51,2857,0.291214560728,2.9847,3.3312,3.14614777644,2.91085,3.22135,3.06607066667,0.603235601624,0.587182719304
52,2821,0.300957107409,2.9847,3.3312,3.15277826855,2.962,3.22135,3.07506622718,0.611673077355,0.579236146182
53,2872,0.306058495822,2.9847,3.3312,3.14899249147,2.97415,3.22135,3.07794729052,0.615910590597,0.575226614086
54,2827,0.311284046693,3.0327,3.3153,3.15947352273,2.97415,3.2107,3.07730300462,0.620124203808,0.571227422065
55,2846,0.309205903022,2.99625,3.3153,3.15345153409,2.97085,3.2107,3.07961724313,0.618463817383,0.572804774883
56,2914,0.327385037749,2.99625,3.27645,3.16310959119,2.97085,3.2107,3.08600875,0.632311274016,0.559591850386
57,2916,0.340534979424,3.00135,3.3024,3.17605075529,2.97475,3.1996,3.091625117,0.641389689094,0.550858185575
58,2999,0.357785928643,3.00135,3.3024,3.18165615098,2.97475,3.1996,3.09363302181,0.652133649665,0.540449684184
59,3040,0.352302631579,3.00705,3.3087,3.1860105042,2.99755,3.20515,3.09744329609,0.648860417002,0.543629025277
60,3007,0.359161955437,3.01065,3.3087,3.17484638889,2.9857,3.20515,3.09633811624,0.652934489353,0.539670709592
61,3105,0.356199677939,3.01065,3.249,3.17629733273,2.9857,3.19825,3.10137798899,0.651200234931,0.54135706525
62,2998,0.363575717145,3.02775,3.26205,3.1735846789,2.99905,3.1729,3.09721147799,0.65544782722,0.537223169905
63,3117,0.362207250561,3.04395,3.3117,3.1806758636,2.99905,3.2077,3.10156851107,0.65467760421,0.537973683596
64,3077,0.369515762106,3.04395,3.3117,3.17039010554,3.02335,3.2077,3.09906064433,0.65869745807,0.534052272678
65,3102,0.374274661509,3.06585,3.3423,3.18641007752,3.025,3.22855,3.10455285935,0.661191594,0.531613721478
66,3088,0.381152849741,3.06195,3.3423,3.18797281223,3.02185,3.22855,3.1076466248,0.664625682619,0.528249290249
67,3146,0.401780038144,3.06195,3.3423,3.19671835443,3.02185,3.22855,3.11404412859,0.673726812498,0.519294321814
68,3145,0.397774244833,3.07185,3.32505,3.20531151079,3.02185,3.217,3.12039461457,0.672098873723,0.520900210039
69,3032,0.395778364116,3.07185,3.32505,3.194319875,3.02635,3.217,3.11479358624,0.671262767277,0.521724298773
70,3081,0.39370334307,3.0849,3.32505,3.20287753504,3.02635,3.217,3.12064411135,0.670375845417,0.522597958549
71,3251,0.39372500769,3.0732,3.35085,3.20663027344,3.0286,3.2362,3.11983127854,0.670385198604,0.522588747981
72,3101,0.388584327636,2.9958,3.35085,3.19377112033,2.96725,3.2362,3.11549493671,0.668110625338,0.524826904097
73,3032,0.389182058047,2.9958,3.35085,3.19429665254,2.96725,3.19915,3.11376776458,0.668380804953,0.524561232517
74,3150,0.40253968254,3.0732,3.34125,3.2100784306,2.96725,3.2287,3.11761551541,0.674027991601,0.518997026959
75,3183,0.41218975809,3.0795,3.3792,3.2105699314,3.02995,3.25345,3.12101731694,0.677645637006,0.515421277169
76,3330,0.41021021021,3.0672,3.39795,3.21346273792,3.0208,3.2674,3.12483744908,0.676934964642,0.516124412701
77,3183,0.423185673893,3.04155,3.39795,3.21377260579,3.00175,3.2674,3.12289223856,0.681299435038,0.511800881391
78,3238,0.434836318715,3.04155,3.39795,3.2246009233,3.00175,3.23545,3.12885631148,0.684630363522,0.508492610717
79,3109,0.456738501126,3.04155,3.4212,3.23924376761,3.00175,3.28135,3.13508365897,0.689399381646,0.50374311457
80,3431,0.482949577383,3.1008,3.4212,3.24565075438,3.01795,3.28135,3.14150019729,0.692565633996,0.500581433823
81,3312,0.477958937198,3.1008,3.4005,3.25024823121,3.0508,3.26875,3.14412784847,0.692175248736,0.500971616899
82,3340,0.483532934132,3.0264,3.4005,3.2635598452,2.98855,3.26875,3.14684756522,0.692604753961,0.500542328517
83,3475,0.502446043165,3.0264,3.42105,3.26547869416,2.98855,3.28135,3.14831761134,0.693135214258,0.500011966254
84,3479,0.515952860017,3.0264,3.44595,3.27720685237,3.03925,3.29845,3.15566843824,0.692638106683,0.500508987485
85,3488,0.517201834862,3.0417,3.44595,3.26600670732,3.01135,3.29845,3.15330914489,0.692555257514,0.500591806245
86,3415,0.518301610542,3.0417,3.44595,3.26423957627,2.9752,3.27685,3.15491066869,0.692477132995,0.500669897897
87,3610,0.523268698061,3.07995,3.44595,3.27203043939,2.9548,3.27685,3.16357742592,0.692063924737,0.501082864619
88,3497,0.514440949385,3.07995,3.39705,3.27265447471,2.9548,3.27685,3.15750803887,0.692730040516,0.500417082038
89,3430,0.515451895044,3.09,3.39705,3.27205147059,2.9548,3.26635,3.15237138989,0.692669582401,0.500477522121
90,3547,0.519030166338,3.09,3.39705,3.27257468767,2.9584,3.26635,3.1501042204,0.692422711129,0.500724294462
91,3475,0.497841726619,3.09285,3.38505,3.26874572254,2.953,3.26365,3.14419429799,0.693137864243,0.500009316288
92,3458,0.506651243493,3.0813,3.43905,3.27482851027,2.953,3.29275,3.14919956038,0.69305869987,0.50008847808
93,3563,0.512770137525,3.0813,3.43905,3.27557816092,2.953,3.29275,3.15266952765,0.692820992267,0.500326152825
94,3544,0.518623024831,3.0813,3.43905,3.28814812296,3.03775,3.2905,3.15930187573,0.692453385987,0.500693634108
95,3524,0.536322360953,3.08145,3.4695,3.27740674603,3.03415,3.31405,3.15867056304,0.690506227051,0.50263862781
96,3624,0.532284768212,3.0741,3.4695,3.27826096423,3.0271,3.31405,3.16454964602,0.691061117085,0.502084612517
97,3483,0.551536032156,3.0741,3.4695,3.28385637689,3.0271,3.29755,3.16413008963,0.687825809625,0.505311925221
98,3662,0.558438012015,3.0741,3.4695,3.2946604401,3.0508,3.29755,3.169817718,0.686301542828,0.506830002497
99,3577,0.559127760693,3.11415,3.4485,3.289457025,3.0631,3.29755,3.17093230818,0.686138607661,0.506992184169
100,3599,0.577938316199,3.11475,3.4416,3.28793754808,3.06415,3.28135,3.17413969717,0.680948736351,0.512148762264
101,3761,0.587875565009,3.159,3.4653,3.30635183175,3.0898,3.30925,3.18387022581,0.677622443703,0.515444229851
102,3741,0.581662657044,3.1368,3.4653,3.29851544118,3.06895,3.30925,3.18509753994,0.679749662546,0.513337579111
103,3684,0.592833876221,3.1368,3.4653,3.29427857143,3.06895,3.2746,3.1796292,0.675810502601,0.517236257149
104,3727,0.587603971022,3.1377,3.40545,3.30479767123,3.076,3.27055,3.18952618738,0.677718758944,0.515348911478
105,3740,0.596524064171,3.1377,3.4386,3.31084155087,3.076,3.2923,3.18583469185,0.67439589066,0.518633789928
106,3734,0.583556507766,3.18195,3.4386,3.30218653052,3.10585,3.2923,3.17976932476,0.679118071526,0.51396337998
107,3685,0.596472184532,3.16035,3.4386,3.30519028662,3.09295,3.2923,3.18185591796,0.67441617015,0.518613764777
108,3736,0.613490364026,3.1269,3.42975,3.31444640052,3.06835,3.2923,3.19165176593,0.667161172024,0.525760125453
109,3744,0.613247863248,3.1269,3.45885,3.32045879791,3.06835,3.3055,3.19099147099,0.667273085272,0.52565015706
110,3876,0.615325077399,3.156,3.45885,3.31487157233,3.08725,3.3055,3.19267937626,0.666306417996,0.526599746954
111,3934,0.635739705135,3.11655,3.4611,3.32897039184,3.055,3.3076,3.18785059316,0.655830094729,0.5368505351
112,3814,0.657315154693,3.11655,3.4611,3.32989020742,3.055,3.3076,3.19338228768,0.642800279136,0.549496115792
113,3973,0.66070979109,3.11655,3.4971,3.34405051429,3.055,3.3316,3.20582666914,0.64056355462,0.551655273904
114,3938,0.672422549518,3.1851,3.4971,3.34720558912,3.1072,3.3316,3.20227534884,0.632449734071,0.559459071164
115,3953,0.698203895775,3.1851,3.4971,3.35848130435,3.1072,3.3316,3.21037133277,0.612378465117,0.578569568601
116,4023,0.690032314193,3.1851,3.4866,3.36010790706,3.1072,3.3085,3.2181372093,0.619074806775,0.572224560875
117,4169,0.707124010554,3.1962,3.4923,3.35669282564,3.10915,3.3256,3.21371732187,0.604706750933,0.585800711496
118,4089,0.726583516752,3.1962,3.5097,3.36323254796,3.11575,3.33715,3.21996028623,0.586627419349,0.602680180128
119,4236,0.740793201133,3.1974,3.5097,3.37154134799,3.11575,3.33715,3.22500286885,0.572225617556,0.615962731424
120,4206,0.74179743224,3.1974,3.5097,3.37528889423,3.13075,3.3265,3.23150290055,0.571168450974,0.616931996475
121,4213,0.754806551151,3.2124,3.51405,3.38029259434,3.1264,3.3397,3.23310242014,0.55699273443,0.629852757019
122,4257,0.760159736904,3.2124,3.5142,3.38428938504,3.1264,3.3397,3.23561542605,0.550895732675,0.635366177412
123,4284,0.760037348273,3.2217,3.5142,3.38335190418,3.1543,3.3397,3.23594742218,0.551036873675,0.635238844993
124,4252,0.773283160865,3.2331,3.516,3.38630962591,3.14305,3.3415,3.2378495332,0.535278726689,0.649367372025
125,4345,0.784810126582,3.2331,3.5178,3.38215768328,3.14305,3.3433,3.2436284492,0.520752172445,0.662233616408
126,4237,0.794430021241,3.24765,3.52395,3.39274233512,3.14305,3.34555,3.24949230769,0.508027766617,0.673378074816
127,4269,0.794096978215,3.2187,3.52395,3.40520393805,3.12565,3.34555,3.25248208191,0.508477647513,0.67298606519
128,4308,0.80756731662,3.2187,3.52395,3.40153982466,3.12565,3.34555,3.25007436671,0.489731216094,0.689195308506
129,4532,0.814872021183,3.26475,3.51495,3.40904110479,3.15895,3.3259,3.25565333731,0.479080855869,0.698288779447
130,4431,0.832543443918,3.2661,3.51855,3.40855734616,3.1618,3.34225,3.25588739892,0.451830243539,0.721170284185
131,4473,0.834339369551,3.2661,3.51855,3.41540715434,3.1618,3.33025,3.2631062753,0.448938406561,0.723565628063
132,4500,0.840444444444,3.2661,3.51855,3.41679253041,3.1618,3.3421,3.26587743733,0.438932153732,0.731804839506
133,4439,0.847938724938,3.29115,3.5184,3.41749383634,3.1798,3.3421,3.26998466667,0.426267977938,0.742122712623
134,4475,0.857430167598,3.29115,3.5121,3.42499139953,3.1798,3.34,3.26825909091,0.409601189804,0.755512649418
135,4465,0.862038073908,3.2766,3.52635,3.43051001559,3.1678,3.3475,3.27420941558,0.401246469565,0.762143133918
136,4529,0.868845219695,3.2766,3.52875,3.4322580305,3.1678,3.34855,3.26799065657,0.388576015503,0.772093592184
137,4635,0.878101402373,3.2766,3.53085,3.43506733415,3.18415,3.3502,3.26864672566,0.37069082399,0.785921340953
138,4569,0.877434887284,3.3051,3.53085,3.43087767523,3.18475,3.3502,3.27309491071,0.3720048345,0.784914188278
139,4555,0.877497255763,3.29505,3.5364,3.43591020766,3.17995,3.3538,3.27608198925,0.371882052772,0.785008356217
140,4632,0.884067357513,3.26085,3.5364,3.43427875458,3.15415,3.34855,3.27267569832,0.358741957174,0.795015470214
141,4728,0.872673434856,3.26085,3.5433,3.43484032962,3.15415,3.35845,3.27514393688,0.381272833621,0.777770978095
142,4692,0.873188405797,3.27735,3.5433,3.42943652673,3.16645,3.34675,3.27230487395,0.380280419618,0.778539172443
143,4517,0.878680540182,3.27735,3.5235,3.43120925926,3.16645,3.34675,3.27389297445,0.369545705514,0.786797903024
144,4583,0.881082260528,3.312,3.5388,3.43423105498,3.19045,3.34675,3.27996201835,0.364763102414,0.790447378578
145,4708,0.871282922685,3.312,3.5388,3.43080138957,3.19195,3.34675,3.28055594059,0.383940626446,0.775702017355
146,4630,0.879049676026,3.29655,3.5388,3.42711670762,3.17875,3.3388,3.27477919643,0.368814179019,0.787357313791
147,4630,0.894168466523,3.28815,3.5418,3.43801213768,3.1711,3.35815,3.27761469388,0.337710406632,0.810737560002
148,4828,0.889395194698,3.25725,3.5451,3.44319445738,3.1483,3.3598,3.28031769663,0.347777963033,0.803257235307
149,4692,0.893222506394,3.25725,3.5451,3.4376468146,3.1483,3.34765,3.2790260479,0.339724413077,0.809247879069
150,4720,0.895338983051,3.25725,3.5451,3.44335389257,3.18325,3.34765,3.28048674089,0.335205208032,0.812585823039
151,4692,0.900682011935,3.25725,3.52815,3.44131597255,3.18445,3.34825,3.27913412017,0.323581850653,0.821092149377
152,4636,0.91220880069,3.28965,3.52815,3.44417869473,3.1729,3.34825,3.28318132678,0.297397457232,0.839832190733
153,4717,0.919228323087,3.25035,3.531,3.45349666744,3.14245,3.35215,3.28605787402,0.280650040993,0.851504773756
154,4901,0.92124056315,3.25035,3.531,3.45181827243,3.14245,3.35215,3.28763756477,0.275728981161,0.854887224086
155,4816,0.927325581395,3.25035,3.5442,3.45051522615,3.14245,3.35335,3.28401057143,0.260502536995,0.86521430503
156,4754,0.92995372318,3.25035,3.5442,3.45266556209,3.148,3.35215,3.28780945946,0.253758634233,0.869720408154
157,4843,0.93062151559,3.25815,3.5442,3.45325383847,3.2023,3.3514,3.29355803571,0.25202830418,0.870869779377
158,4792,0.938021702838,3.3099,3.5415,3.45615073415,3.18685,3.3568,3.29059646465,0.232376532624,0.883726024314
159,4713,0.936346276257,3.30585,3.5415,3.45947532291,3.1858,3.3553,3.295313,0.236904706617,0.880796145607
160,4709,0.942238267148,3.30585,3.5415,3.45744678837,3.1858,3.35275,3.29499338235,0.220763910999,0.89114936986
161,4823,0.952311839104,3.2937,3.5379,3.46338533638,3.1771,3.3541,3.29940804348,0.191651074193,0.909171999588
162,4833,0.955721084213,3.2937,3.5364,3.46446085733,3.21175,3.3538,3.29983785047,0.181312108656,0.915363413192
163,4779,0.955220757481,3.34575,3.5454,3.46344805038,3.21175,3.3511,3.29630443925,0.182846144008,0.914451876083
164,4872,0.952996715928,3.34575,3.546,3.46652284084,3.2152,3.35545,3.29986615721,0.189595221707,0.910412049283
165,4792,0.955342237062,3.33375,3.5466,3.46001631717,3.2011,3.35545,3.29616845794,0.182474219812,0.914673105705
166,4904,0.956973898858,3.2922,3.5466,3.4644922118,3.1708,3.35635,3.29743483412,0.177444801599,0.917650288475
167,4917,0.956884279032,3.2922,3.5484,3.46694241233,3.1708,3.35845,3.29801627358,0.177722702071,0.917486488853
168,4892,0.952984464432,3.2922,3.5484,3.46361660232,3.20005,3.35845,3.301735,0.18963208961,0.910389850033
169,4889,0.947842094498,3.2922,3.5484,3.46182232413,3.20005,3.35845,3.30011764706,0.204820701983,0.901125083208
170,4820,0.941908713693,3.28485,3.54345,3.45904592511,3.16705,3.35845,3.29842857143,0.221683005761,0.890566622476
171,4824,0.949419568823,3.28485,3.5352,3.46331253275,3.20575,3.35275,3.28783811475,0.200220754135,0.903955897681
172,4897,0.952011435573,3.28485,3.5382,3.46165485843,3.19765,3.35425,3.2924793617,0.192549553687,0.908628675777
173,4843,0.950650423291,3.3255,3.5454,3.46076621416,3.196,3.3487,3.29706422594,0.196595640078,0.906171608025
174,4839,0.94812977888,3.3255,3.5454,3.46298961421,3.22975,3.3565,3.29320836653,0.203985604047,0.901640597438
175,4803,0.949614824068,3.32205,3.5418,3.46100262004,3.1951,3.3571,3.29416818182,0.199647812468,0.904306980044
176,4720,0.952118644068,3.32205,3.5418,3.46467960614,3.2062,3.35335,3.29210022124,0.192229130174,0.908822536627
177,4786,0.945048056832,3.32205,3.54615,3.46210625691,3.2164,3.36055,3.29939562738,0.212845508583,0.896135545781
178,4751,0.95053672911,3.32205,3.54615,3.46108638175,3.21595,3.35575,3.2937406383,0.196931834498,0.905966688554
179,4817,0.946647290845,3.3519,3.5472,3.46213332237,3.22075,3.34915,3.30163560311,0.208271192626,0.898987604838
180,4764,0.946683459278,3.30465,3.5472,3.46468965632,3.18415,3.358,3.29652834646,0.208167159194,0.899052225585
181,4868,0.952547247329,3.22845,3.5472,3.46542557688,3.12595,3.3547,3.29654805195,0.19094560159,0.909598022131
182,4895,0.962206332993,3.22845,3.5472,3.46635729299,3.12595,3.3523,3.29167891892,0.160867769784,0.927269388517
183,4845,0.960990712074,3.32565,3.5424,3.46752387242,3.21475,3.35755,3.29305555556,0.16478272896,0.925024873238
184,4876,0.970672682527,3.3171,3.5424,3.47029455948,3.19225,3.3541,3.29001958042,0.13239602543,0.943065548154
185,4899,0.978975301082,3.3171,3.5424,3.47333923061,3.19225,3.35485,3.30109320388,0.102000708393,0.958834678093
186,4815,0.981931464174,3.3195,3.5418,3.47497373096,3.19225,3.35815,3.29521034483,0.0904238796463,0.964515872323
187,4962,0.983474405482,3.3195,3.54255,3.47682501025,3.2461,3.35815,3.31247865854,0.0841902398967,0.967495001512
188,4911,0.984728161271,3.3549,3.5442,3.47668039702,3.2176,3.35485,3.297218,0.0790175574536,0.969922780658
189,5025,0.985074626866,3.282,3.5442,3.47659042424,3.1627,3.3559,3.313882,0.0775700376933,0.970594787258
190,4996,0.985388310649,3.282,3.5496,3.4746206886,3.1627,3.3529,3.30748493151,0.0762524413509,0.971203624228
191,4896,0.987336601307,3.282,3.5496,3.47792290029,3.208,3.35335,3.30303709677,0.0679097655688,0.974993925947
192,5024,0.987062101911,3.28905,3.5466,3.48098173019,3.1684,3.3577,3.30535,0.0691025739636,0.974458982236
193,4908,0.987775061125,3.28905,3.5478,3.4759833849,3.21175,3.3577,3.2914075,0.065991928027,0.97584902051
194,4996,0.992794235388,3.2922,3.5502,3.48050924395,3.1711,3.36205,3.29970416667,0.0427248689255,0.985692316864
195,4897,0.9914233204,3.2922,3.5502,3.4809484758,3.1885,3.36205,3.31245714286,0.0493537118228,0.982993759666
196,5043,0.989688677375,3.2922,3.549,3.48151406532,3.2251,3.3532,3.31226730769,0.0574272536077,0.979590001498
197,4794,0.991239048811,3.3441,3.549,3.47711164773,3.256,3.35215,3.31823214286,0.0502270366794,0.982631606153
198,4924,0.990454914703,3.3561,3.552,3.48173956326,3.25285,3.3535,3.31614042553,0.0539005343234,0.981092046714
199,5011,0.991418878467,3.2994,3.552,3.48149263285,3.25285,3.3577,3.30982906977,0.0493748102649,0.982985028228
200,5080,0.988779527559,3.2994,3.552,3.47680884929,3.2596,3.35005,3.31678684211,0.0615373787963,0.977810853122
201,4861,0.99033120757,3.3399,3.552,3.47604986498,3.20665,3.35575,3.30494787234,0.0544739939754,0.980849386235
202,4947,0.990297149788,3.2862,3.5448,3.48142639314,3.2656,3.35245,3.32286875,0.0546315915853,0.98078259018
203,4920,0.989024390244,3.2862,3.5538,3.47937564735,3.2155,3.35245,3.30512222222,0.0604379828392,0.978289708507
204,4974,0.98974668275,3.35235,3.5538,3.47859637416,3.2155,3.35545,3.30994117647,0.0571623433383,0.97970362653
205,4936,0.992706645057,3.3507,3.5538,3.47886287755,3.21355,3.3577,3.31332083333,0.0431557734726,0.985519676166
206,4984,0.991974317817,3.3066,3.5538,3.4805214199,3.25765,3.3544,3.3024475,0.0467181780635,0.984077458783
207,4871,0.990556353931,3.3066,3.5496,3.47836970984,3.22,3.34885,3.31124891304,0.0534290933028,0.981291072765
208,5057,0.989123986553,3.3066,3.552,3.48042295082,3.22,3.3451,3.31636,0.059989237248,0.978484548444
209,5043,0.989093793377,3.3066,3.552,3.47551118685,3.24715,3.35545,3.31222272727,0.0601253739891,0.97842547744
210,4987,0.990174453579,3.27585,3.555,3.4777800729,3.1579,3.3526,3.30788163265,0.0551983532504,0.980541989884
211,4860,0.991769547325,3.27585,3.555,3.47844986515,3.2155,3.35515,3.3108175,0.0477019563761,0.983674575353
212,5004,0.991606714628,3.27585,3.555,3.48300719468,3.2155,3.3568,3.30479642857,0.048480580023,0.983354323735
213,4971,0.990545161939,3.27585,3.5526,3.47915611292,3.24865,3.355,3.31497234043,0.0534811621061,0.981269111804
214,4953,0.990308903695,3.34155,3.5526,3.47857990826,3.2596,3.3553,3.316278125,0.0545772156932,0.980805642085
215,4896,0.988357843137,3.34155,3.5526,3.47945685059,3.25615,3.35575,3.31352631579,0.063418073747,0.976986765907
216,5041,0.988891093037,3.34095,3.5508,3.48002756269,3.20725,3.35635,3.31436339286,0.0610371441987,0.978029001702
217,5002,0.992003198721,3.34095,3.5484,3.47639737001,3.23215,3.35185,3.29623375,0.0465790048439,0.984134295102
218,4991,0.992185934682,3.34095,3.5466,3.47887418215,3.22075,3.358,3.2939,0.0456959716071,0.984493988598
219,4999,0.993598719744,3.34095,3.552,3.47978938997,3.2062,3.35605,3.313309375,0.0387152616261,0.987279392266
220,5057,0.994463120427,3.34095,3.552,3.48054977133,3.24745,3.35545,3.32356428571,0.0342929439525,0.988987554925
221,4874,0.993434550677,3.285,3.552,3.47879996902,3.20995,3.35665,3.325984375,0.0395413665908,0.986955311604
222,5053,0.994062932911,3.285,3.5514,3.48240361338,3.25375,3.35665,3.308025,0.0363560197771,0.988196363354
223,5033,0.994436717663,3.2316,3.5514,3.48243845155,3.12385,3.3538,3.29145892857,0.0344299314753,0.988935335548
224,5078,0.995667585664,3.2316,3.5472,3.47935552809,3.2179,3.3436,3.29084772727,0.0278984130103,0.991372710955
225,4973,0.995978282727,3.2316,3.5508,3.47808491823,3.26605,3.3571,3.3248725,0.0261975979304,0.991988913873
226,5044,0.995043616178,3.3432,3.5508,3.48044447101,3.2536,3.34765,3.315994,0.031248000475,0.990136363836
227,4940,0.994939271255,3.2982,3.5562,3.47950513733,3.2632,3.3538,3.316456,0.0318001525385,0.989929764461
228,4982,0.99417904456,3.2982,3.5562,3.48283897638,3.217,3.3496,3.29812413793,0.0357603105192,0.988425856165
229,4980,0.993775100402,3.2982,3.5562,3.48099544352,3.24625,3.3496,3.32051451613,0.0378229819593,0.987627699553
230,4924,0.994719740049,3.2883,3.549,3.48314105757,3.16765,3.35635,3.28805384615,0.0329548160365,0.989495242388
231,4993,0.995794111756,3.2883,3.5466,3.4821525543,3.2776,3.35635,3.32285714286,0.027208580284,0.991623602505
232,4965,0.996576032226,3.2883,3.5496,3.48244074373,3.2683,3.35425,3.30468823529,0.0228558110678,0.993175511562
233,4994,0.996195434521,3.297,3.5496,3.48100607035,3.27265,3.3553,3.32956315789,0.0249946589999,0.99241981848
234,4934,0.996149169031,3.30195,3.5496,3.48085611394,3.256,3.35125,3.31183157895,0.0252519720506,0.992327995861
235,5079,0.995471549518,3.33075,3.5466,3.48182503956,3.27085,3.35005,3.32326521739,0.0289599290202,0.990984112763
236,5079,0.994093325458,3.33075,3.549,3.47920311943,3.2074,3.35005,3.320895,0.0362003137616,0.988256428524
237,4910,0.993075356415,3.33075,3.5502,3.47908729491,3.21385,3.35365,3.30042647059,0.0413345710924,0.986246614209
238,5022,0.993229788929,3.3024,3.5544,3.48390021051,3.1771,3.3649,3.31564705882,0.0405659554573,0.986551249373
239,5057,0.995649594621,3.22755,3.5544,3.4808260576,3.12085,3.33805,3.29527272727,0.0279961980312,0.991337041297
240,5031,0.995825879547,3.22755,3.5544,3.48107961078,3.12085,3.3565,3.31540714286,0.0270347832428,0.991686605657
241,4965,0.995971802618,3.34395,3.5502,3.47968753286,3.2422,3.35425,3.3355825,0.0262333111556,0.991976057985
242,5003,0.994603238057,3.3438,3.5502,3.48195877211,3.3055,3.35305,3.33433888889,0.0335638273485,0.989264726193
243,4964,0.994762288477,3.3438,3.5484,3.48153672539,3.26485,3.3526,3.30794038462,0.0327317539031,0.989579444198
244,5029,0.99502883277,3.3468,3.5472,3.48030083933,3.29725,3.35005,3.326998,0.0313263615961,0.990107090547
245,4894,0.994074376788,3.3468,3.552,3.48100581706,3.2155,3.3556,3.31581896552,0.0362974093282,0.988218979597
246,4879,0.995080959213,3.35295,3.552,3.4814330484,3.2545,3.35875,3.318325,0.0310498618551,0.99021031235
247,5009,0.994809343182,3.35295,3.552,3.48138895244,3.2197,3.3568,3.31719423077,0.0324846626719,0.989672572201
248,4958,0.993344090359,3.2979,3.5478,3.48038735025,3.17365,3.35695,3.3074,0.0399947938701,0.986776782984
249,4906,0.994292702813,3.2979,3.5502,3.4808004305,3.17365,3.3499,3.29889464286,0.0351749322066,0.988650552108
250,4872,0.994663382594,3.345,3.5502,3.4817622369,3.17365,3.35635,3.30363653846,0.0332497424647,0.98938372416
251,4895,0.995914198161,3.312,3.5502,3.48518209231,3.18415,3.35365,3.2921425,0.0265503231563,0.991861783876
252,5022,0.995420151334,3.312,3.5556,3.48412711542,3.25645,3.36115,3.3085326087,0.0292368191156,0.990882252696
253,5015,0.994616151545,3.3021,3.5556,3.4811393745,3.2605,3.36115,3.33356111111,0.0334964480132,0.989290274739
254,5003,0.996002398561,3.3021,3.5556,3.4800230885,3.21475,3.35425,3.30592,0.0260645983146,0.992036758756
255,4921,0.996342206869,3.3021,3.5484,3.47994594126,3.26365,3.3562,3.31186666667,0.0241745894622,0.992711172638
256,4949,0.996767023641,3.28845,3.5526,3.48375294952,3.1666,3.35005,3.2722,0.0217667693989,0.993554951555
257,4964,0.997179693795,3.28845,3.5526,3.48288384848,3.1666,3.3571,3.30043214286,0.0193740887801,0.994375295845
258,5031,0.997018485391,3.28845,3.5526,3.48401904904,3.2584,3.35785,3.3053,0.0203155384863,0.99405474964
259,5046,0.997423701942,3.2871,3.552,3.4810111365,3.26665,3.3643,3.32971923077,0.0179313243551,0.994860678508
260,5010,0.998403193613,3.2871,3.5502,3.48063748501,3.18475,3.35365,3.28285,0.0118785641899,0.996811486807
261,5000,0.9998,3.3126,3.549,3.48255063013,3.31435,3.31435,3.31435,0.00190341863695,0.99960008
262,4998,0.999399759904,3.3528,3.549,3.48214957958,3.31435,3.3436,3.33385,0.00505274948536,0.998800240384
263,5010,0.999800399202,3.3459,3.549,3.48373730285,3.20965,3.20965,3.20965,0.00190001824093,0.999600878084
264,4969,1.0,3.3432,3.5508,3.48323392031,nan,nan,nan,-0.0,1.0
265,4962,1.0,3.3432,3.5532,3.48277182588,nan,nan,nan,-0.0,1.0
266,5034,1.0,3.3432,3.5532,3.48198170441,nan,nan,nan,-0.0,1.0
267,4918,1.0,3.297,3.5532,3.48439178528,nan,nan,nan,-0.0,1.0
268,4994,1.0,3.297,3.5526,3.48423183821,nan,nan,nan,-0.0,1.0
269,5009,1.0,3.3588,3.5526,3.48403601517,nan,nan,nan,-0.0,1.0
270,5096,1.0,3.2814,3.5526,3.48432762951,nan,nan,nan,-0.0,1.0
271,4847,1.0,3.2814,3.5484,3.48150290902,nan,nan,nan,-0.0,1.0
272,4944,1.0,3.2814,3.5484,3.48673725728,nan,nan,nan,-0.0,1.0
273,5052,1.0,3.3498,3.5496,3.48364180523,nan,nan,nan,-0.0,1.0
274,5017,1.0,3.3498,3.5532,3.48444672115,nan,nan,nan,-0.0,1.0
275,5078,1.0,3.3426,3.5532,3.48345549429,nan,nan,nan,-0.0,1.0
276,5024,1.0,3.3426,3.5532,3.48218001592,nan,nan,nan,-0.0,1.0
277,5030,1.0,3.2988,3.5538,3.48153852883,nan,nan,nan,-0.0,1.0
278,4966,1.0,3.2988,3.5538,3.48119710028,nan,nan,nan,-0.0,1.0
279,4886,1.0,3.2988,3.5538,3.48489148588,nan,nan,nan,-0.0,1.0
280,5002,1.0,3.3024,3.5538,3.48499948021,nan,nan,nan,-0.0,1.0
281,5011,1.0,3.3024,3.5508,3.4829924566,nan,nan,nan,-0.0,1.0
282,4962,1.0,3.3504,3.5508,3.48220084643,nan,nan,nan,-0.0,1.0
283,4986,1.0,3.3126,3.549,3.48423044525,nan,nan,nan,-0.0,1.0
284,4963,1.0,3.3126,3.549,3.48301329841,nan,nan,nan,-0.0,1.0
285,5005,1.0,3.297,3.549,3.4842971029,nan,nan,nan,-0.0,1.0
286,5011,1.0,3.297,3.5508,3.48307878667,nan,nan,nan,-0.0,1.0
287,5018,1.0,3.3402,3.5508,3.48339613392,nan,nan,nan,-0.0,1.0
288,4993,1.0,3.3402,3.5508,3.48401241738,nan,nan,nan,-0.0,1.0
289,4913,1.0,3.2886,3.5514,3.48447844494,nan,nan,nan,-0.0,1.0
290,4973,1.0,3.2886,3.552,3.48417707621,nan,nan,nan,-0.0,1.0
291,4907,1.0,3.3522,3.552,3.48203892399,nan,nan,nan,-0.0,1.0
292,5032,1.0,3.3096,3.5526,3.48607189984,nan,nan,nan,-0.0,1.0
293,5075,1.0,3.2304,3.5526,3.48518671921,nan,nan,nan,-0.0,1.0
294,4961,1.0,3.2304,3.5526,3.48100806289,nan,nan,nan,-0.0,1.0
295,4990,1.0,3.3132,3.5514,3.4835008016,nan,nan,nan,-0.0,1.0
296,4985,1.0,3.3132,3.5514,3.48362274824,nan,nan,nan,-0.0,1.0
297,4945,1.0,3.3132,3.546,3.48361140546,nan,nan,nan,-0.0,1.0
298,4852,1.0,3.345,3.5514,3.48333808739,nan,nan,nan,-0.0,1.0
299,4976,1.0,3.3108,3.5544,3.48835128617,nan,nan,nan,-0.0,1.0
300,4986,1.0,3.3108,3.5544,3.4826654633,nan,nan,nan,-0.0,1.0
301,4970,1.0,3.3108,3.5544,3.4832305835,nan,nan,nan,-0.0,1.0
302,4974,1.0,3.318,3.552,3.48373437877,nan,nan,nan,-0.0,1.0
303,4953,1.0,3.3456,3.552,3.48350333131,nan,nan,nan,-0.0,1.0
304,4990,1.0,3.3552,3.5496,3.48380669339,nan,nan,nan,-0.0,1.0
305,4983,1.0,3.3642,3.5496,3.48309969898,nan,nan,nan,-0.0,1.0
306,5090,1.0,3.2844,3.5496,3.48348907662,nan,nan,nan,-0.0,1.0
307,4963,1.0,3.2844,3.5514,3.48052710054,nan,nan,nan,-0.0,1.0
308,4883,1.0,3.2844,3.5514,3.48370567274,nan,nan,nan,-0.0,1.0
309,4979,1.0,3.3048,3.5592,3.48557027516,nan,nan,nan,-0.0,1.0
310,4918,1.0,3.291,3.5592,3.48468788125,nan,nan,nan,-0.0,1.0
311,5070,1.0,3.291,3.5592,3.48528260355,nan,nan,nan,-0.0,1.0
312,5170,1.0,3.291,3.5592,3.48095268859,nan,nan,nan,-0.0,1.0
313,4978,1.0,3.2796,3.5526,3.47949871434,nan,nan,nan,-0.0,1.0
314,5027,1.0,3.2796,3.5478,3.48344985081,nan,nan,nan,-0.0,1.0
315,4961,1.0,3.2292,3.5484,3.4869960895,nan,nan,nan,-0.0,1.0
316,5127,1.0,3.2292,3.5502,3.48680292569,nan,nan,nan,-0.0,1.0
317,5070,1.0,3.2292,3.5502,3.48066899408,nan,nan,nan,-0.0,1.0
318,5019,1.0,3.234,3.5502,3.48141506276,nan,nan,nan,-0.0,1.0
319,4881,1.0,3.234,3.5442,3.48004732637,nan,nan,nan,-0.0,1.0
320,5001,1.0,3.234,3.5574,3.48344787043,nan,nan,nan,-0.0,1.0
321,4800,1.0,3.3666,3.5574,3.4829625,nan,nan,nan,-0.0,1.0
322,4964,1.0,3.3048,3.5574,3.48733319903,nan,nan,nan,-0.0,1.0
323,4983,1.0,3.3048,3.5502,3.48348368453,nan,nan,nan,-0.0,1.0
324,5047,1.0,3.3048,3.5508,3.48250830196,nan,nan,nan,-0.0,1.0
325,4989,1.0,3.3444,3.5508,3.48268514732,nan,nan,nan,-0.0,1.0
326,5060,1.0,3.3444,3.552,3.48285118577,nan,nan,nan,-0.0,1.0
327,5102,1.0,3.3444,3.552,3.48096609173,nan,nan,nan,-0.0,1.0
328,4919,1.0,3.3552,3.552,3.4810286237,nan,nan,nan,-0.0,1.0
329,4998,1.0,3.3552,3.5508,3.4841665066,nan,nan,nan,-0.0,1.0
330,5068,1.0,3.3456,3.5562,3.48368382005,nan,nan,nan,-0.0,1.0
331,5023,1.0,3.3456,3.5562,3.48134835756,nan,nan,nan,-0.0,1.0
332,4895,1.0,3.3456,3.5562,3.48295636364,nan,nan,nan,-0.0,1.0
333,5062,1.0,3.309,3.5526,3.48524555512,nan,nan,nan,-0.0,1.0
334,4945,1.0,3.309,3.5526,3.48158002022,nan,nan,nan,-0.0,1.0
335,4918,1.0,3.309,3.5526,3.48434396096,nan,nan,nan,-0.0,1.0
336,4949,1.0,3.3468,3.5526,3.4822496666,nan,nan,nan,-0.0,1.0
337,5058,1.0,3.2898,3.5496,3.48581423488,nan,nan,nan,-0.0,1.0
338,4959,1.0,3.2898,3.5496,3.48066944949,nan,nan,nan,-0.0,1.0
339,5029,1.0,3.2898,3.5568,3.48194651024,nan,nan,nan,-0.0,1.0
340,4872,1.0,3.3096,3.5568,3.48154544335,nan,nan,nan,-0.0,1.0
341,4980,1.0,3.3606,3.5502,3.48672301205,nan,nan,nan,-0.0,1.0
342,5030,1.0,3.3306,3.5532,3.48373228628,nan,nan,nan,-0.0,1.0
343,5027,1.0,3.3306,3.5532,3.4829238512,nan,nan,nan,-0.0,1.0
344,4918,1.0,3.3306,3.558,3.48178731192,nan,nan,nan,-0.0,1.0
345,5032,1.0,3.2874,3.558,3.4869827504,nan,nan,nan,-0.0,1.0
346,4910,1.0,3.2874,3.558,3.48268325866,nan,nan,nan,-0.0,1.0
347,4974,1.0,3.3516,3.5514,3.4866517491,nan,nan,nan,-0.0,1.0
348,4871,1.0,3.3024,3.5484,3.48628183125,nan,nan,nan,-0.0,1.0
349,5094,1.0,3.3024,3.5484,3.48587078916,nan,nan,nan,-0.0,1.0
350,5065,1.0,3.3024,3.5484,3.48185780849,nan,nan,nan,-0.0,1.0
351,4938,1.0,3.3024,3.5484,3.48013730255,nan,nan,nan,-0.0,1.0
352,4969,1.0,3.3516,3.5496,3.48308198833,nan,nan,nan,-0.0,1.0
353,4955,1.0,3.3516,3.5496,3.48384544904,nan,nan,nan,-0.0,1.0
354,4914,1.0,3.3072,3.5496,3.48504896215,nan,nan,nan,-0.0,1.0
355,4944,1.0,3.3072,3.5496,3.48236213592,nan,nan,nan,-0.0,1.0
356,5013,1.0,3.3072,3.5496,3.48371178935,nan,nan,nan,-0.0,1.0
357,5017,1.0,3.3072,3.549,3.48290396651,nan,nan,nan,-0.0,1.0
358,5064,1.0,3.2988,3.555,3.48186552133,nan,nan,nan,-0.0,1.0
359,4902,1.0,3.2988,3.555,3.48126903305,nan,nan,nan,-0.0,1.0
360,4921,1.0,3.2988,3.555,3.48419341597,nan,nan,nan,-0.0,1.0
361,5024,1.0,3.339,3.5514,3.48363618631,nan,nan,nan,-0.0,1.0
362,4952,1.0,3.3576,3.5514,3.4824174475,nan,nan,nan,-0.0,1.0
363,5036,1.0,3.3498,3.5514,3.48443911835,nan,nan,nan,-0.0,1.0
364,4857,1.0,3.3468,3.561,3.48400617665,nan,nan,nan,-0.0,1.0
365,4987,1.0,3.3468,3.561,3.4852141167,nan,nan,nan,-0.0,1.0
366,4992,1.0,3.3492,3.561,3.48343425481,nan,nan,nan,-0.0,1.0
367,4978,1.0,3.3432,3.5532,3.48229694656,nan,nan,nan,-0.0,1.0
368,4991,1.0,3.3432,3.5532,3.48424411941,nan,nan,nan,-0.0,1.0
369,4996,1.0,3.3108,3.552,3.48411064852,nan,nan,nan,-0.0,1.0
370,5094,1.0,3.3108,3.5502,3.4827664311,nan,nan,nan,-0.0,1.0
371,4900,1.0,3.2886,3.5502,3.48166493878,nan,nan,nan,-0.0,1.0
372,4939,1.0,3.2574,3.549,3.48689216441,nan,nan,nan,-0.0,1.0
373,4901,1.0,3.2574,3.549,3.48472421955,nan,nan,nan,-0.0,1.0
374,4966,1.0,3.3642,3.5514,3.48453769634,nan,nan,nan,-0.0,1.0
375,4907,1.0,3.2844,3.5514,3.48308155696,nan,nan,nan,-0.0,1.0
376,5029,1.0,3.2844,3.552,3.48532447803,nan,nan,nan,-0.0,1.0
377,5023,1.0,3.2244,3.552,3.48375265777,nan,nan,nan,-0.0,1.0
378,5021,1.0,3.2244,3.552,3.48158621788,nan,nan,nan,-0.0,1.0
379,4996,1.0,3.2244,3.5472,3.4830336269,nan,nan,nan,-0.0,1.0
380,4808,1.0,3.3318,3.5514,3.48188835275,nan,nan,nan,-0.0,1.0
381,4983,1.0,3.345,3.5514,3.48678795906,nan,nan,nan,-0.0,1.0
382,4978,1.0,3.345,3.5514,3.48391458417,nan,nan,nan,-0.0,1.0
383,5109,1.0,3.345,3.549,3.48291391662,nan,nan,nan,-0.0,1.0
384,5102,1.0,3.342,3.549,3.47979607997,nan,nan,nan,-0.0,1.0
385,4991,1.0,3.342,3.552,3.47885241435,nan,nan,nan,-0.0,1.0
386,4927,1.0,3.342,3.552,3.48193030242,nan,nan,nan,-0.0,1.0
387,5018,1.0,3.3726,3.5526,3.4833608609,nan,nan,nan,-0.0,1.0
388,5028,1.0,3.3594,3.5526,3.48263365155,nan,nan,nan,-0.0,1.0
389,4955,1.0,3.3594,3.5544,3.48173981837,nan,nan,nan,-0.0,1.0
390,5008,1.0,3.294,3.5544,3.48488266773,nan,nan,nan,-0.0,1.0
391,4973,1.0,3.294,3.5484,3.48206531269,nan,nan,nan,-0.0,1.0
392,5017,1.0,3.294,3.5502,3.48346940403,nan,nan,nan,-0.0,1.0
393,4974,1.0,3.2838,3.5502,3.48306272618,nan,nan,nan,-0.0,1.0
394,5011,1.0,3.2838,3.5502,3.48438523249,nan,nan,nan,-0.0,1.0
395,4907,1.0,3.2838,3.5496,3.48188388017,nan,nan,nan,-0.0,1.0
396,4922,1.0,3.3012,3.5484,3.4831759041,nan,nan,nan,-0.0,1.0
397,5065,1.0,3.3126,3.5472,3.4840930306,nan,nan,nan,-0.0,1.0
398,4890,1.0,3.3126,3.5472,3.48027766871,nan,nan,nan,-0.0,1.0
399,4994,1.0,3.3126,3.5502,3.48423724469,nan,nan,nan,-0.0,1.0
400,4984,1.0,3.2898,3.5502,3.48448170144,nan,nan,nan,-0.0,1.0
401,5125,1.0,3.2898,3.5502,3.48431461463,nan,nan,nan,-0.0,1.0
402,4967,1.0,3.3492,3.5484,3.47949337628,nan,nan,nan,-0.0,1.0
403,4957,1.0,3.3492,3.5502,3.48289082106,nan,nan,nan,-0.0,1.0
404,5166,1.0,3.345,3.5532,3.48295702671,nan,nan,nan,-0.0,1.0
405,5024,1.0,3.3198,3.5532,3.4796866242,nan,nan,nan,-0.0,1.0
406,4965,1.0,3.3198,3.5544,3.48263009063,nan,nan,nan,-0.0,1.0
407,5035,1.0,3.3018,3.5544,3.4835766435,nan,nan,nan,-0.0,1.0
408,5086,1.0,3.3018,3.5544,3.48310381439,nan,nan,nan,-0.0,1.0
409,5003,1.0,3.3192,3.5538,3.48129714171,nan,nan,nan,-0.0,1.0
410,4991,1.0,3.3192,3.5538,3.48322191946,nan,nan,nan,-0.0,1.0
411,5027,1.0,3.3084,3.5538,3.48552448777,nan,nan,nan,-0.0,1.0
412,5089,1.0,3.3084,3.5502,3.4813910002,nan,nan,nan,-0.0,1.0
413,4975,1.0,3.3036,3.549,3.48081648241,nan,nan,nan,-0.0,1.0
414,5029,1.0,3.234,3.5478,3.48454969179,nan,nan,nan,-0.0,1.0
415,4873,1.0,3.234,3.5478,3.48096088652,nan,nan,nan,-0.0,1.0
416,5005,1.0,3.306,3.5502,3.48403132867,nan,nan,nan,-0.0,1.0
417,4968,1.0,3.3042,3.5502,3.48408913043,nan,nan,nan,-0.0,1.0
418,4906,1.0,3.3042,3.5478,3.48292967795,nan,nan,nan,-0.0,1.0
419,4938,1.0,3.3006,3.5472,3.48524021871,nan,nan,nan,-0.0,1.0
420,5094,1.0,3.3006,3.5454,3.48306183746,nan,nan,nan,-0.0,1.0
421,4984,1.0,3.3006,3.5454,3.47982447833,nan,nan,nan,-0.0,1.0
422,5083,1.0,3.3042,3.549,3.48236411568,nan,nan,nan,-0.0,1.0
423,5023,1.0,3.342,3.549,3.48154664543,nan,nan,nan,-0.0,1.0
424,4946,1.0,3.3,3.5496,3.48267513142,nan,nan,nan,-0.0,1.0
425,4958,1.0,3.3,3.5496,3.48625873336,nan,nan,nan,-0.0,1.0
426,5001,1.0,3.3,3.5508,3.4837224955,nan,nan,nan,-0.0,1.0
427,5051,1.0,3.3048,3.5508,3.48387463869,nan,nan,nan,-0.0,1.0
428,4946,1.0,3.3534,3.5508,3.48115511524,nan,nan,nan,-0.0,1.0
429,4955,1.0,3.3534,3.5538,3.48372932392,nan,nan,nan,-0.0,1.0
430,5021,1.0,3.3462,3.5538,3.48361637124,nan,nan,nan,-0.0,1.0
431,4943,1.0,3.3462,3.5538,3.48221998786,nan,nan,nan,-0.0,1.0
432,5116,1.0,3.3438,3.5508,3.48507208757,nan,nan,nan,-0.0,1.0
433,5102,1.0,3.3438,3.5484,3.48201497452,nan,nan,nan,-0.0,1.0
434,4952,1.0,3.3438,3.5526,3.48209951535,nan,nan,nan,-0.0,1.0
435,5010,1.0,3.342,3.555,3.48424622754,nan,nan,nan,-0.0,1.0
436,4919,1.0,3.342,3.555,3.48129343362,nan,nan,nan,-0.0,1.0
437,5016,1.0,3.342,3.5508,3.48326949761,nan,nan,nan,-0.0,1.0
438,4948,1.0,3.2976,3.5508,3.48426572352,nan,nan,nan,-0.0,1.0
439,5069,1.0,3.2976,3.5562,3.48220623397,nan,nan,nan,-0.0,1.0
440,5005,1.0,3.2166,3.5562,3.48268255744,nan,nan,nan,-0.0,1.0
441,4880,1.0,3.2166,3.5562,3.48221901639,nan,nan,nan,-0.0,1.0
442,4982,1.0,3.3192,3.5472,3.48629229225,nan,nan,nan,-0.0,1.0
443,5050,1.0,3.3192,3.5514,3.48346015842,nan,nan,nan,-0.0,1.0
444,4953,1.0,3.3192,3.5514,3.48146117505,nan,nan,nan,-0.0,1.0
445,4971,1.0,3.3138,3.558,3.48567423054,nan,nan,nan,-0.0,1.0
446,4991,1.0,3.294,3.558,3.48511725105,nan,nan,nan,-0.0,1.0
447,5048,1.0,3.2328,3.558,3.484622187,nan,nan,nan,-0.0,1.0
448,5061,1.0,3.2328,3.5526,3.48231641968,nan,nan,nan,-0.0,1.0
449,4986,1.0,3.2328,3.552,3.48296474128,nan,nan,nan,-0.0,1.0
450,4960,1.0,3.3492,3.5538,3.48216532258,nan,nan,nan,-0.0,1.0
451,4925,1.0,3.252,3.5538,3.48660986802,nan,nan,nan,-0.0,1.0
452,4982,1.0,3.252,3.5538,3.48463235648,nan,nan,nan,-0.0,1.0
453,4975,1.0,3.252,3.5508,3.48389342714,nan,nan,nan,-0.0,1.0
454,4959,1.0,3.3072,3.552,3.48442189958,nan,nan,nan,-0.0,1.0
455,5013,1.0,3.3072,3.552,3.4837219629,nan,nan,nan,-0.0,1.0
456,4930,1.0,3.3072,3.552,3.48326446247,nan,nan,nan,-0.0,1.0
457,5029,1.0,3.3468,3.5502,3.48524883675,nan,nan,nan,-0.0,1.0
458,5084,1.0,3.2904,3.5532,3.48356376869,nan,nan,nan,-0.0,1.0
459,5025,1.0,3.2904,3.5532,3.4816921791,nan,nan,nan,-0.0,1.0
460,4984,1.0,3.2904,3.5532,3.48114305778,nan,nan,nan,-0.0,1.0
461,4970,1.0,3.3522,3.546,3.48259557344,nan,nan,nan,-0.0,1.0
462,5051,1.0,3.3984,3.5514,3.48239109087,nan,nan,nan,-0.0,1.0
463,4922,1.0,3.3984,3.5514,3.48002303941,nan,nan,nan,-0.0,1.0
464,5008,1.0,3.3984,3.5514,3.48424696486,nan,nan,nan,-0.0,1.0
465,4965,1.0,3.357,3.5532,3.48164882175,nan,nan,nan,-0.0,1.0
466,5005,1.0,3.357,3.5532,3.48224787213,nan,nan,nan,-0.0,1.0
467,4937,1.0,3.357,3.5532,3.48320818311,nan,nan,nan,-0.0,1.0
468,4961,1.0,3.366,3.5526,3.48148990123,nan,nan,nan,-0.0,1.0
469,5034,1.0,3.3624,3.5526,3.48314994041,nan,nan,nan,-0.0,1.0
470,5080,1.0,3.3324,3.5526,3.4821057874,nan,nan,nan,-0.0,1.0
471,5007,1.0,3.3324,3.5586,3.48091779509,nan,nan,nan,-0.0,1.0
472,5030,1.0,3.2976,3.5586,3.48392743539,nan,nan,nan,-0.0,1.0
473,4927,1.0,3.2976,3.5586,3.48217605033,nan,nan,nan,-0.0,1.0
474,4905,1.0,3.2976,3.5514,3.48526360856,nan,nan,nan,-0.0,1.0
475,5065,1.0,3.2976,3.5514,3.48658436328,nan,nan,nan,-0.0,1.0
476,5029,1.0,3.2778,3.5496,3.4836326904,nan,nan,nan,-0.0,1.0
477,4976,1.0,3.2778,3.5568,3.48278452572,nan,nan,nan,-0.0,1.0
478,5060,1.0,3.2778,3.5568,3.48472980237,nan,nan,nan,-0.0,1.0
479,5027,1.0,3.2778,3.5568,3.48086878854,nan,nan,nan,-0.0,1.0
480,5055,1.0,3.3582,3.5472,3.48202456973,nan,nan,nan,-0.0,1.0
481,5125,1.0,3.2676,3.5502,3.48250103415,nan,nan,nan,-0.0,1.0
482,5069,1.0,3.2676,3.5502,3.48039274019,nan,nan,nan,-0.0,1.0
483,4943,1.0,3.2676,3.5526,3.48052097916,nan,nan,nan,-0.0,1.0
484,5023,1.0,3.2676,3.5526,3.48450710731,nan,nan,nan,-0.0,1.0
485,5065,1.0,3.3408,3.5526,3.48301587364,nan,nan,nan,-0.0,1.0
486,4968,1.0,3.3384,3.5538,3.48283586957,nan,nan,nan,-0.0,1.0
487,4982,1.0,3.2976,3.5538,3.48346884785,nan,nan,nan,-0.0,1.0
488,5074,1.0,3.2754,3.552,3.48539302326,nan,nan,nan,-0.0,1.0
489,5075,1.0,3.2754,3.552,3.48171026601,nan,nan,nan,-0.0,1.0
490,4918,1.0,3.2754,3.555,3.48072590484,nan,nan,nan,-0.0,1.0
491,4997,1.0,3.3576,3.555,3.48340608365,nan,nan,nan,-0.0,1.0
492,4980,1.0,3.3366,3.555,3.48345373494,nan,nan,nan,-0.0,1.0
493,4984,1.0,3.3366,3.555,3.48333984751,nan,nan,nan,-0.0,1.0
494,5012,1.0,3.2502,3.5526,3.48329090184,nan,nan,nan,-0.0,1.0
495,4938,1.0,3.2502,3.5526,3.48298408262,nan,nan,nan,-0.0,1.0
496,5012,1.0,3.2502,3.5502,3.48600131684,nan,nan,nan,-0.0,1.0
497,4981,1.0,3.3522,3.5508,3.48276221642,nan,nan,nan,-0.0,1.0
498,4946,1.0,3.3444,3.5508,3.48230622725,nan,nan,nan,-0.0,1.0
499,4893,1.0,3.216,3.5496,3.48608816677,nan,nan,nan,-0.0,1.0
500,4960,1.0,3.216,3.5514,3.48545540323,nan,nan,nan,-0.0,1.0
501,5056,1.0,3.216,3.5514,3.48402199367,nan,nan,nan,-0.0,1.0
502,4990,1.0,3.216,3.5514,3.48092681363,nan,nan,nan,-0.0,1.0
503,5219,1.0,3.3438,3.555,3.48385050776,nan,nan,nan,-0.0,1.0
504,5003,1.0,3.3438,3.555,3.47837257645,nan,nan,nan,-0.0,1.0
505,5093,1.0,3.3468,3.555,3.48212456313,nan,nan,nan,-0.0,1.0
506,5125,1.0,3.3138,3.5538,3.48122657561,nan,nan,nan,-0.0,1.0
507,5001,1.0,3.3138,3.546,3.48034025195,nan,nan,nan,-0.0,1.0
508,4991,1.0,3.3138,3.546,3.48165129233,nan,nan,nan,-0.0,1.0
509,4955,1.0,3.2796,3.546,3.48343556004,nan,nan,nan,-0.0,1.0
510,4940,1.0,3.2796,3.5484,3.48232748988,nan,nan,nan,-0.0,1.0
511,5038,1.0,3.2796,3.5484,3.48306955141,nan,nan,nan,-0.0,1.0
512,4905,1.0,3.2796,3.552,3.48091571865,nan,nan,nan,-0.0,1.0
513,4979,1.0,3.3036,3.552,3.48461201044,nan,nan,nan,-0.0,1.0
514,4954,1.0,3.3036,3.552,3.48458453775,nan,nan,nan,-0.0,1.0
515,4931,1.0,3.3036,3.5514,3.48741537214,nan,nan,nan,-0.0,1.0
516,5067,1.0,3.3366,3.5538,3.48466998224,nan,nan,nan,-0.0,1.0
517,5004,1.0,3.348,3.5538,3.48150059952,nan,nan,nan,-0.0,1.0
518,4979,1.0,3.3618,3.5538,3.48146896967,nan,nan,nan,-0.0,1.0
519,5110,1.0,3.3822,3.5472,3.4822178865,nan,nan,nan,-0.0,1.0
520,5073,1.0,3.2814,3.5466,3.48131200473,nan,nan,nan,-0.0,1.0
521,5033,1.0,3.2814,3.5466,3.4807156368,nan,nan,nan,-0.0,1.0
522,5019,1.0,3.2814,3.5466,3.48256007173,nan,nan,nan,-0.0,1.0
523,4971,1.0,3.2814,3.5544,3.48476813518,nan,nan,nan,-0.0,1.0
524,4897,1.0,3.3024,3.5544,3.48419264856,nan,nan,nan,-0.0,1.0
525,5049,1.0,3.3024,3.5598,3.48472941176,nan,nan,nan,-0.0,1.0
526,4979,1.0,3.3564,3.5598,3.48295312312,nan,nan,nan,-0.0,1.0
527,4900,1.0,3.3564,3.5514,3.48212461224,nan,nan,nan,-0.0,1.0
528,5030,1.0,3.252,3.5514,3.48571538767,nan,nan,nan,-0.0,1.0
529,4995,1.0,3.252,3.552,3.48244516517,nan,nan,nan,-0.0,1.0
530,4958,1.0,3.252,3.552,3.48368386446,nan,nan,nan,-0.0,1.0
531,4941,1.0,3.321,3.552,3.48530091075,nan,nan,nan,-0.0,1.0
532,4963,1.0,3.321,3.5544,3.48459883135,nan,nan,nan,-0.0,1.0
533,4993,1.0,3.3162,3.5544,3.48369204887,nan,nan,nan,-0.0,1.0
534,5116,1.0,3.3162,3.5544,3.4837129398,nan,nan,nan,-0.0,1.0
535,4924,1.0,3.3162,3.555,3.48012416734,nan,nan,nan,-0.0,1.0
536,4876,1.0,3.3402,3.555,3.48470795734,nan,nan,nan,-0.0,1.0
537,4967,1.0,3.3402,3.555,3.48427441111,nan,nan,nan,-0.0,1.0
538,5058,1.0,3.357,3.5544,3.48361399763,nan,nan,nan,-0.0,1.0
539,4988,1.0,3.2964,3.552,3.48292421812,nan,nan,nan,-0.0,1.0
540,4938,1.0,3.2964,3.552,3.48381069259,nan,nan,nan,-0.0,1.0
541,4965,1.0,3.2964,3.552,3.48346006042,nan,nan,nan,-0.0,1.0
542,4850,1.0,3.3234,3.5544,3.48302845361,nan,nan,nan,-0.0,1.0
543,5153,1.0,3.3126,3.5544,3.48693137978,nan,nan,nan,-0.0,1.0
544,5088,1.0,3.3126,3.5532,3.47942606132,nan,nan,nan,-0.0,1.0
545,4970,1.0,3.3126,3.549,3.48038064386,nan,nan,nan,-0.0,1.0
546,5023,1.0,3.2976,3.5508,3.4833503484,nan,nan,nan,-0.0,1.0
547,4902,1.0,3.2976,3.5508,3.48174394125,nan,nan,nan,-0.0,1.0
548,5031,1.0,3.2976,3.5508,3.48399165176,nan,nan,nan,-0.0,1.0
549,4878,1.0,3.3432,3.5496,3.48317896679,nan,nan,nan,-0.0,1.0
550,4968,1.0,3.3198,3.5538,3.48620797101,nan,nan,nan,-0.0,1.0
551,4950,1.0,3.3198,3.5538,3.48305612121,nan,nan,nan,-0.0,1.0
552,4842,1.0,3.3198,3.5538,3.48481127633,nan,nan,nan,-0.0,1.0
553,5104,1.0,3.3108,3.546,3.48733730408,nan,nan,nan,-0.0,1.0
554,4942,1.0,3.3108,3.546,3.48126677459,nan,nan,nan,-0.0,1.0
555,4950,1.0,3.3108,3.5484,3.48431454545,nan,nan,nan,-0.0,1.0
556,5038,1.0,3.3054,3.5484,3.48497471219,nan,nan,nan,-0.0,1.0
557,5006,1.0,3.3054,3.5502,3.48150395525,nan,nan,nan,-0.0,1.0
558,4949,1.0,3.2964,3.5502,3.4828374217,nan,nan,nan,-0.0,1.0
559,5080,1.0,3.2964,3.5532,3.48366744094,nan,nan,nan,-0.0,1.0
560,4988,1.0,3.2964,3.5532,3.4794935846,nan,nan,nan,-0.0,1.0
561,4968,1.0,3.3006,3.5532,3.48325603865,nan,nan,nan,-0.0,1.0
562,4988,1.0,3.2952,3.5532,3.48643628709,nan,nan,nan,-0.0,1.0
563,4979,1.0,3.2952,3.549,3.48445812412,nan,nan,nan,-0.0,1.0
564,5143,1.0,3.2952,3.552,3.48313299631,nan,nan,nan,-0.0,1.0
565,5076,1.0,3.3138,3.552,3.47991241135,nan,nan,nan,-0.0,1.0
566,4980,1.0,3.3138,3.552,3.4810839759,nan,nan,nan,-0.0,1.0
567,5056,1.0,3.3138,3.5484,3.48303892405,nan,nan,nan,-0.0,1.0
568,4991,1.0,3.3504,3.549,3.48108351032,nan,nan,nan,-0.0,1.0
569,5045,1.0,3.3504,3.5502,3.4836224777,nan,nan,nan,-0.0,1.0
570,4995,1.0,3.3504,3.5502,3.48125885886,nan,nan,nan,-0.0,1.0
571,5101,1.0,3.3576,3.5508,3.48111542835,nan,nan,nan,-0.0,1.0
572,5140,1.0,3.3432,3.5508,3.47924568093,nan,nan,nan,-0.0,1.0
573,4856,1.0,3.3432,3.5508,3.47904093904,nan,nan,nan,-0.0,1.0
574,5083,1.0,3.3492,3.5526,3.48631682078,nan,nan,nan,-0.0,1.0
575,4948,1.0,3.348,3.5526,3.48123940986,nan,nan,nan,-0.0,1.0
576,5103,1.0,3.348,3.5526,3.48560094062,nan,nan,nan,-0.0,1.0
577,5076,1.0,3.3474,3.5502,3.48149243499,nan,nan,nan,-0.0,1.0
578,5062,1.0,3.3474,3.5496,3.48191639668,nan,nan,nan,-0.0,1.0
579,4894,1.0,3.3474,3.5496,3.48098937474,nan,nan,nan,-0.0,1.0
580,4985,1.0,3.3534,3.5496,3.48467085256,nan,nan,nan,-0.0,1.0
581,5038,1.0,3.2832,3.5556,3.48520432711,nan,nan,nan,-0.0,1.0
582,5170,1.0,3.2832,3.5556,3.48216812379,nan,nan,nan,-0.0,1.0
583,4979,1.0,3.2832,3.555,3.47885953003,nan,nan,nan,-0.0,1.0
584,5003,1.0,3.3084,3.5484,3.48141802918,nan,nan,nan,-0.0,1.0
585,4990,1.0,3.3084,3.5496,3.48349406814,nan,nan,nan,-0.0,1.0
586,5041,1.0,3.249,3.5496,3.48454731204,nan,nan,nan,-0.0,1.0
587,4932,1.0,3.2334,3.5496,3.48302274939,nan,nan,nan,-0.0,1.0
588,4913,1.0,3.2334,3.5496,3.48475371463,nan,nan,nan,-0.0,1.0
589,5143,1.0,3.2334,3.5502,3.48555574567,nan,nan,nan,-0.0,1.0
590,4849,1.0,3.3408,3.5502,3.48056770468,nan,nan,nan,-0.0,1.0
591,5086,1.0,3.3408,3.5502,3.4851547385,nan,nan,nan,-0.0,1.0
592,5036,1.0,3.3492,3.5484,3.48120881652,nan,nan,nan,-0.0,1.0
593,4976,1.0,3.348,3.5508,3.48152073955,nan,nan,nan,-0.0,1.0
594,4936,1.0,3.3018,3.5508,3.48184084279,nan,nan,nan,-0.0,1.0
595,5006,1.0,3.3018,3.5508,3.48400751099,nan,nan,nan,-0.0,1.0
596,5048,1.0,3.3018,3.549,3.48247131537,nan,nan,nan,-0.0,1.0
597,5055,1.0,3.3438,3.549,3.48093186944,nan,nan,nan,-0.0,1.0
598,4957,1.0,3.3438,3.5478,3.48292483357,nan,nan,nan,-0.0,1.0
599,5027,1.0,3.3558,3.5478,3.48369667794,nan,nan,nan,-0.0,1.0
600,5194,1.0,3.3558,3.5502,3.4829613015,nan,nan,nan,-0.0,1.0
601,4959,1.0,3.3546,3.5502,3.47883315185,nan,nan,nan,-0.0,1.0
602,4886,1.0,3.3192,3.5502,3.48301289398,nan,nan,nan,-0.0,1.0
603,5050,1.0,3.3192,3.5532,3.48562063366,nan,nan,nan,-0.0,1.0
604,5026,1.0,3.3192,3.5532,3.48210990848,nan,nan,nan,-0.0,1.0
605,4998,1.0,3.2358,3.5532,3.48275798319,nan,nan,nan,-0.0,1.0
606,5104,1.0,3.2358,3.552,3.48227915361,nan,nan,nan,-0.0,1.0
607,5015,1.0,3.2358,3.552,3.48146261216,nan,nan,nan,-0.0,1.0
608,4902,1.0,3.3408,3.549,3.48182937576,nan,nan,nan,-0.0,1.0
609,4968,1.0,3.3528,3.549,3.48514492754,nan,nan,nan,-0.0,1.0
610,4950,1.0,3.3534,3.5496,3.48417939394,nan,nan,nan,-0.0,1.0
611,4962,1.0,3.3612,3.5496,3.48378633615,nan,nan,nan,-0.0,1.0
612,5095,1.0,3.3606,3.5496,3.48392902846,nan,nan,nan,-0.0,1.0
613,5129,1.0,3.2244,3.5466,3.48339259115,nan,nan,nan,-0.0,1.0
614,4984,1.0,3.2244,3.5484,3.48039570626,nan,nan,nan,-0.0,1.0
615,4926,1.0,3.2244,3.5484,3.48390414129,nan,nan,nan,-0.0,1.0
616,5088,1.0,3.3018,3.5484,3.48474433962,nan,nan,nan,-0.0,1.0
617,5029,1.0,3.3144,3.5484,3.48231863193,nan,nan,nan,-0.0,1.0
618,5025,1.0,3.2952,3.552,3.48249289552,nan,nan,nan,-0.0,1.0
619,5012,1.0,3.2952,3.552,3.48314832402,nan,nan,nan,-0.0,1.0
620,5010,1.0,3.2952,3.552,3.48254862275,nan,nan,nan,-0.0,1.0
621,4956,1.0,3.348,3.5508,3.48189467312,nan,nan,nan,-0.0,1.0
622,4957,1.0,3.279,3.5508,3.4840782328,nan,nan,nan,-0.0,1.0
623,4959,1.0,3.2766,3.549,3.48554131881,nan,nan,nan,-0.0,1.0
624,5025,1.0,3.2382,3.549,3.48512656716,nan,nan,nan,-0.0,1.0
625,4989,1.0,3.2382,3.549,3.48544497895,nan,nan,nan,-0.0,1.0
626,5014,1.0,3.2382,3.5496,3.48335337056,nan,nan,nan,-0.0,1.0
627,5129,1.0,3.2928,3.5496,3.48346523689,nan,nan,nan,-0.0,1.0
628,4984,1.0,3.2928,3.5502,3.48205244783,nan,nan,nan,-0.0,1.0
629,4954,1.0,3.2892,3.5502,3.4838923698,nan,nan,nan,-0.0,1.0
630,5067,1.0,3.2892,3.5514,3.48287092954,nan,nan,nan,-0.0,1.0
631,5046,1.0,3.2892,3.5514,3.48136765755,nan,nan,nan,-0.0,1.0
632,5027,1.0,3.2892,3.5514,3.48154052119,nan,nan,nan,-0.0,1.0
633,5066,1.0,3.303,3.549,3.48163430715,nan,nan,nan,-0.0,1.0
634,5086,1.0,3.3036,3.549,3.48390448289,nan,nan,nan,-0.0,1.0
635,4996,1.0,3.2916,3.5484,3.48308971177,nan,nan,nan,-0.0,1.0
636,4968,1.0,3.2916,3.5514,3.48447149758,nan,nan,nan,-0.0,1.0
637,5000,1.0,3.2916,3.5514,3.48399804,nan,nan,nan,-0.0,1.0
638,5085,1.0,3.2916,3.5514,3.4824120354,nan,nan,nan,-0.0,1.0
639,5016,1.0,3.2736,3.5562,3.48368767943,nan,nan,nan,-0.0,1.0
640,4962,1.0,3.2736,3.5562,3.48208319226,nan,nan,nan,-0.0,1.0
641,4908,1.0,3.2802,3.5562,3.48332359413,nan,nan,nan,-0.0,1.0
642,5123,1.0,3.2802,3.5538,3.48439348038,nan,nan,nan,-0.0,1.0
643,4956,1.0,3.342,3.5538,3.48082469734,nan,nan,nan,-0.0,1.0
644,4951,1.0,3.342,3.5532,3.48424629368,nan,nan,nan,-0.0,1.0
645,4967,1.0,3.3468,3.549,3.48401216026,nan,nan,nan,-0.0,1.0
646,4996,1.0,3.2454,3.5508,3.48508282626,nan,nan,nan,-0.0,1.0
647,5012,1.0,3.2454,3.5508,3.48517158819,nan,nan,nan,-0.0,1.0
648,4981,1.0,3.303,3.5514,3.48135707689,nan,nan,nan,-0.0,1.0
649,4975,1.0,3.303,3.5514,3.48342886432,nan,nan,nan,-0.0,1.0
650,4986,1.0,3.3414,3.5514,3.48366040915,nan,nan,nan,-0.0,1.0
651,4994,1.0,3.3102,3.5556,3.48373311974,nan,nan,nan,-0.0,1.0
652,4975,1.0,3.3102,3.5556,3.48270548744,nan,nan,nan,-0.0,1.0
653,4920,1.0,3.3102,3.5556,3.48283121951,nan,nan,nan,-0.0,1.0
654,5045,1.0,3.3522,3.5586,3.48437554014,nan,nan,nan,-0.0,1.0
655,4935,1.0,3.2796,3.5586,3.48412863222,nan,nan,nan,-0.0,1.0
656,4943,1.0,3.2796,3.5586,3.48792587497,nan,nan,nan,-0.0,1.0
657,4947,1.0,3.2796,3.5496,3.48370151607,nan,nan,nan,-0.0,1.0
658,5008,1.0,3.2922,3.5484,3.48562020767,nan,nan,nan,-0.0,1.0
659,5078,1.0,3.2736,3.552,3.48359704608,nan,nan,nan,-0.0,1.0
660,4887,1.0,3.2736,3.552,3.48309122161,nan,nan,nan,-0.0,1.0
661,4957,1.0,3.2736,3.5538,3.48619669155,nan,nan,nan,-0.0,1.0
662,4924,1.0,3.2736,3.5538,3.48428249391,nan,nan,nan,-0.0,1.0
663,4890,1.0,3.3402,3.5538,3.48589546012,nan,nan,nan,-0.0,1.0
664,5055,1.0,3.3474,3.5562,3.48451252226,nan,nan,nan,-0.0,1.0
665,4911,1.0,3.3474,3.5562,3.4814613317,nan,nan,nan,-0.0,1.0
666,5005,1.0,3.315,3.552,3.4844200999,nan,nan,nan,-0.0,1.0
667,4831,1.0,3.315,3.555,3.48269124405,nan,nan,nan,-0.0,1.0
668,5099,1.0,3.3162,3.5586,3.48678815454,nan,nan,nan,-0.0,1.0
669,5056,1.0,3.3162,3.5586,3.48062325949,nan,nan,nan,-0.0,1.0
670,4979,1.0,3.3162,3.5508,3.48212524603,nan,nan,nan,-0.0,1.0
671,5011,1.0,3.3402,3.5478,3.4833970465,nan,nan,nan,-0.0,1.0
672,5033,1.0,3.3402,3.5472,3.48109640374,nan,nan,nan,-0.0,1.0
673,5110,1.0,3.3402,3.5472,3.48271949119,nan,nan,nan,-0.0,1.0
674,5035,1.0,3.3402,3.5472,3.47946005958,nan,nan,nan,-0.0,1.0
675,4971,1.0,3.3066,3.5466,3.48056415208,nan,nan,nan,-0.0,1.0
676,5077,1.0,3.2598,3.5466,3.48278633051,nan,nan,nan,-0.0,1.0
677,4874,1.0,3.2598,3.5478,3.48299002872,nan,nan,nan,-0.0,1.0
678,5080,1.0,3.2598,3.5478,3.48492413386,nan,nan,nan,-0.0,1.0
679,5211,1.0,3.2598,3.5478,3.47945757052,nan,nan,nan,-0.0,1.0
680,4942,1.0,3.3048,3.5478,3.47821529745,nan,nan,nan,-0.0,1.0
681,5037,1.0,3.3048,3.5478,3.48270399047,nan,nan,nan,-0.0,1.0
682,5111,1.0,3.3048,3.5472,3.48218763451,nan,nan,nan,-0.0,1.0
683,5000,1.0,3.3048,3.5544,3.47976024,nan,nan,nan,-0.0,1.0
684,5024,1.0,3.3378,3.5544,3.48112941879,nan,nan,nan,-0.0,1.0
685,5037,1.0,3.3432,3.5544,3.48269100655,nan,nan,nan,-0.0,1.0
686,4958,1.0,3.2502,3.5544,3.48277152077,nan,nan,nan,-0.0,1.0
687,4951,1.0,3.2502,3.5478,3.48496008887,nan,nan,nan,-0.0,1.0
688,4974,1.0,3.2502,3.552,3.48426381182,nan,nan,nan,-0.0,1.0
689,4991,1.0,3.2502,3.552,3.48463662593,nan,nan,nan,-0.0,1.0
690,4959,1.0,3.3114,3.552,3.48432595281,nan,nan,nan,-0.0,1.0
691,4846,1.0,3.3408,3.5502,3.48343644243,nan,nan,nan,-0.0,1.0
692,5021,1.0,3.3408,3.5502,3.48602867955,nan,nan,nan,-0.0,1.0
693,5003,1.0,3.2988,3.5508,3.48299304417,nan,nan,nan,-0.0,1.0
694,5026,1.0,3.2868,3.5514,3.48478137684,nan,nan,nan,-0.0,1.0
695,4922,1.0,3.2868,3.5514,3.48294709468,nan,nan,nan,-0.0,1.0
696,4929,1.0,3.2868,3.5496,3.48445818624,nan,nan,nan,-0.0,1.0
697,4935,1.0,3.2406,3.552,3.48629422492,nan,nan,nan,-0.0,1.0
698,4956,1.0,3.2406,3.552,3.48363922518,nan,nan,nan,-0.0,1.0
699,5016,1.0,3.2406,3.5514,3.48435885167,nan,nan,nan,-0.0,1.0
700,4976,1.0,3.2946,3.5496,3.48123641479,nan,nan,nan,-0.0,1.0
701,4859,1.0,3.3846,3.5496,3.48199917679,nan,nan,nan,-0.0,1.0
702,5078,1.0,3.3702,3.5526,3.48474635683,nan,nan,nan,-0.0,1.0
703,5043,1.0,3.3444,3.5526,3.48154039262,nan,nan,nan,-0.0,1.0
704,4940,1.0,3.3048,3.5526,3.4817594332,nan,nan,nan,-0.0,1.0
705,4866,1.0,3.3048,3.5502,3.48406140567,nan,nan,nan,-0.0,1.0
706,4965,1.0,3.3048,3.5484,3.48534247734,nan,nan,nan,-0.0,1.0
707,5093,1.0,3.2928,3.5514,3.48557270764,nan,nan,nan,-0.0,1.0
708,4945,1.0,3.2928,3.5514,3.4804950455,nan,nan,nan,-0.0,1.0
709,4989,1.0,3.2928,3.5544,3.48335742634,nan,nan,nan,-0.0,1.0
710,5070,1.0,3.2928,3.5544,3.48384023669,nan,nan,nan,-0.0,1.0
711,4932,1.0,3.3066,3.5544,3.48135681265,nan,nan,nan,-0.0,1.0
712,5039,1.0,3.3066,3.5514,3.48442909307,nan,nan,nan,-0.0,1.0
713,5012,1.0,3.3372,3.5514,3.48177390263,nan,nan,nan,-0.0,1.0
714,5005,1.0,3.3372,3.5514,3.48254097902,nan,nan,nan,-0.0,1.0
715,4980,1.0,3.3084,3.5508,3.48353180723,nan,nan,nan,-0.0,1.0
716,4926,1.0,3.2958,3.549,3.48506894032,nan,nan,nan,-0.0,1.0
717,4962,1.0,3.2958,3.549,3.48444570738,nan,nan,nan,-0.0,1.0
718,5112,1.0,3.2958,3.549,3.48406455399,nan,nan,nan,-0.0,1.0
719,5076,1.0,3.3114,3.549,3.48125319149,nan,nan,nan,-0.0,1.0
720,5100,1.0,3.303,3.549,3.48175294118,nan,nan,nan,-0.0,1.0
721,4896,1.0,3.297,3.5496,3.48241078431,nan,nan,nan,-0.0,1.0
722,4905,1.0,3.297,3.5496,3.48549076453,nan,nan,nan,-0.0,1.0
723,4947,1.0,3.297,3.5496,3.48605021225,nan,nan,nan,-0.0,1.0
724,4920,1.0,3.3576,3.5478,3.48413902439,nan,nan,nan,-0.0,1.0
725,4967,1.0,3.2934,3.5526,3.48672828669,nan,nan,nan,-0.0,1.0
726,4978,1.0,3.2934,3.5526,3.48410924066,nan,nan,nan,-0.0,1.0
727,5150,1.0,3.2994,3.5526,3.48487409709,nan,nan,nan,-0.0,1.0
728,5108,1.0,3.2994,3.5496,3.48225140955,nan,nan,nan,-0.0,1.0
729,4963,1.0,3.2196,3.5484,3.48066310699,nan,nan,nan,-0.0,1.0
730,5074,1.0,3.2196,3.5466,3.48149420575,nan,nan,nan,-0.0,1.0
731,5035,1.0,3.2196,3.5478,3.48281898709,nan,nan,nan,-0.0,1.0
732,4916,1.0,3.2928,3.5478,3.48350528885,nan,nan,nan,-0.0,1.0
733,5003,1.0,3.2928,3.5508,3.48326144313,nan,nan,nan,-0.0,1.0
734,4975,1.0,3.366,3.552,3.48200960804,nan,nan,nan,-0.0,1.0
735,5002,1.0,3.366,3.552,3.48202634946,nan,nan,nan,-0.0,1.0
736,4957,1.0,3.3426,3.552,3.48177046601,nan,nan,nan,-0.0,1.0
737,4847,1.0,3.3426,3.5556,3.4830419641,nan,nan,nan,-0.0,1.0
738,5093,1.0,3.3426,3.5556,3.48599823287,nan,nan,nan,-0.0,1.0
739,4843,1.0,3.3018,3.5556,3.482061656,nan,nan,nan,-0.0,1.0
740,5063,1.0,3.3018,3.5478,3.48498629271,nan,nan,nan,-0.0,1.0
741,5105,1.0,3.3708,3.5496,3.48028372184,nan,nan,nan,-0.0,1.0
742,4967,1.0,3.3474,3.5496,3.4795586068,nan,nan,nan,-0.0,1.0
743,4965,1.0,3.3474,3.5496,3.48416012085,nan,nan,nan,-0.0,1.0
744,4911,1.0,3.3474,3.5496,3.48355552841,nan,nan,nan,-0.0,1.0
745,5059,1.0,3.3474,3.5544,3.48444111484,nan,nan,nan,-0.0,1.0
746,4902,1.0,3.3504,3.5544,3.48293231334,nan,nan,nan,-0.0,1.0
747,5016,1.0,3.3504,3.5544,3.48453863636,nan,nan,nan,-0.0,1.0
748,4898,1.0,3.3504,3.5508,3.48313989383,nan,nan,nan,-0.0,1.0
749,5046,1.0,3.3504,3.555,3.48545374554,nan,nan,nan,-0.0,1.0
750,4992,1.0,3.3528,3.555,3.48231442308,nan,nan,nan,-0.0,1.0
751,5031,1.0,3.3522,3.555,3.48415050686,nan,nan,nan,-0.0,1.0
752,5044,1.0,3.2862,3.5544,3.48559187153,nan,nan,nan,-0.0,1.0
753,4964,1.0,3.2862,3.5544,3.48107224013,nan,nan,nan,-0.0,1.0
754,5051,1.0,3.3096,3.5454,3.48357362898,nan,nan,nan,-0.0,1.0
755,4956,1.0,3.3048,3.5466,3.48278692494,nan,nan,nan,-0.0,1.0
756,5027,1.0,3.3048,3.5514,3.48343791526,nan,nan,nan,-0.0,1.0
757,4918,1.0,3.3048,3.5514,3.48380483937,nan,nan,nan,-0.0,1.0
758,5037,1.0,3.3294,3.5514,3.48585693865,nan,nan,nan,-0.0,1.0
759,5130,1.0,3.3294,3.5544,3.48143403509,nan,nan,nan,-0.0,1.0
760,4981,1.0,3.342,3.5544,3.48012383056,nan,nan,nan,-0.0,1.0
761,4983,1.0,3.342,3.5544,3.48228236002,nan,nan,nan,-0.0,1.0
762,4880,1.0,3.342,3.5514,3.48360086066,nan,nan,nan,-0.0,1.0
763,4998,1.0,3.342,3.552,3.48501404562,nan,nan,nan,-0.0,1.0
764,4978,1.0,3.3558,3.552,3.48247340297,nan,nan,nan,-0.0,1.0
765,4971,1.0,3.3546,3.552,3.48387278214,nan,nan,nan,-0.0,1.0
766,4913,1.0,3.3036,3.5526,3.48585100753,nan,nan,nan,-0.0,1.0
767,4995,1.0,3.3036,3.5526,3.48581897898,nan,nan,nan,-0.0,1.0
768,5011,1.0,3.3162,3.558,3.48312201157,nan,nan,nan,-0.0,1.0
769,4928,1.0,3.3486,3.558,3.48291282468,nan,nan,nan,-0.0,1.0
770,4993,1.0,3.3486,3.5526,3.48467754857,nan,nan,nan,-0.0,1.0
771,4979,1.0,3.3486,3.558,3.48270259088,nan,nan,nan,-0.0,1.0
772,5023,1.0,3.3582,3.558,3.48286967947,nan,nan,nan,-0.0,1.0
773,4976,1.0,3.3048,3.558,3.48271049035,nan,nan,nan,-0.0,1.0
774,5074,1.0,3.3018,3.5538,3.48346294836,nan,nan,nan,-0.0,1.0
775,5041,1.0,3.3018,3.5538,3.48133925808,nan,nan,nan,-0.0,1.0
776,4910,1.0,3.3018,3.5538,3.48155095723,nan,nan,nan,-0.0,1.0
777,5034,1.0,3.3258,3.5478,3.48459690107,nan,nan,nan,-0.0,1.0
778,4971,1.0,3.3258,3.5484,3.48217284249,nan,nan,nan,-0.0,1.0
779,5018,1.0,3.3258,3.5484,3.48343929853,nan,nan,nan,-0.0,1.0
780,4815,1.0,3.3312,3.5484,3.48201894081,nan,nan,nan,-0.0,1.0
781,5015,1.0,3.2934,3.5532,3.48804897308,nan,nan,nan,-0.0,1.0
782,5057,1.0,3.2934,3.5556,3.48370630809,nan,nan,nan,-0.0,1.0
783,4946,1.0,3.2934,3.5556,3.48398479579,nan,nan,nan,-0.0,1.0
784,4874,1.0,3.2934,3.5556,3.48299064423,nan,nan,nan,-0.0,1.0
785,4992,1.0,3.3156,3.5496,3.48554987981,nan,nan,nan,-0.0,1.0
786,4964,1.0,3.3516,3.5496,3.48273674456,nan,nan,nan,-0.0,1.0
787,4901,1.0,3.3618,3.5496,3.48228626811,nan,nan,nan,-0.0,1.0
788,4971,1.0,3.3582,3.5496,3.48515739288,nan,nan,nan,-0.0,1.0
789,5036,1.0,3.3054,3.5526,3.48496703733,nan,nan,nan,-0.0,1.0
790,5038,1.0,3.3054,3.5526,3.48335728464,nan,nan,nan,-0.0,1.0
791,4996,1.0,3.3054,3.5526,3.48151921537,nan,nan,nan,-0.0,1.0
792,5120,1.0,3.315,3.549,3.483135,nan,nan,nan,-0.0,1.0
793,4975,1.0,3.3384,3.549,3.47985901508,nan,nan,nan,-0.0,1.0
794,5017,1.0,3.2298,3.5514,3.48474630257,nan,nan,nan,-0.0,1.0
795,4942,1.0,3.2298,3.5514,3.48235520032,nan,nan,nan,-0.0,1.0
796,5009,1.0,3.2298,3.5472,3.48403038531,nan,nan,nan,-0.0,1.0
797,4889,1.0,3.3036,3.5472,3.48274019227,nan,nan,nan,-0.0,1.0
798,4942,1.0,3.3462,3.5484,3.48537122622,nan,nan,nan,-0.0,1.0
799,5013,1.0,3.3,3.5484,3.48591214841,nan,nan,nan,-0.0,1.0
800,5019,1.0,3.3,3.5484,3.4818755529,nan,nan,nan,-0.0,1.0
801,5036,1.0,3.3576,3.5496,3.48233054011,nan,nan,nan,-0.0,1.0
802,4954,1.0,3.3492,3.5496,3.48334299556,nan,nan,nan,-0.0,1.0
803,4985,1.0,3.3492,3.5496,3.48492890672,nan,nan,nan,-0.0,1.0
804,4992,1.0,3.3492,3.5484,3.4837984375,nan,nan,nan,-0.0,1.0
805,5030,1.0,3.3498,3.5502,3.48263868787,nan,nan,nan,-0.0,1.0
806,5073,1.0,3.3438,3.5502,3.48301797753,nan,nan,nan,-0.0,1.0
807,4996,1.0,3.3402,3.5538,3.48153734988,nan,nan,nan,-0.0,1.0
808,5005,1.0,3.3402,3.5538,3.48243140859,nan,nan,nan,-0.0,1.0
809,5080,1.0,3.3402,3.5538,3.48139582677,nan,nan,nan,-0.0,1.0
810,5051,1.0,3.3474,3.5538,3.48006960998,nan,nan,nan,-0.0,1.0
811,5033,1.0,3.3474,3.5538,3.48148181999,nan,nan,nan,-0.0,1.0
812,5000,1.0,3.3474,3.552,3.48141948,nan,nan,nan,-0.0,1.0
813,5007,1.0,3.3564,3.5532,3.48293517076,nan,nan,nan,-0.0,1.0
814,5100,1.0,3.3564,3.5532,3.48241976471,nan,nan,nan,-0.0,1.0
815,5064,1.0,3.3528,3.5496,3.48117665877,nan,nan,nan,-0.0,1.0
816,4915,1.0,3.3528,3.5496,3.48123100712,nan,nan,nan,-0.0,1.0
817,4989,1.0,3.3474,3.552,3.48443066747,nan,nan,nan,-0.0,1.0
818,4995,1.0,3.3042,3.552,3.48393273273,nan,nan,nan,-0.0,1.0
819,5016,1.0,3.3042,3.552,3.48299629187,nan,nan,nan,-0.0,1.0
820,4950,1.0,3.3042,3.552,3.48143127273,nan,nan,nan,-0.0,1.0
821,5075,1.0,3.321,3.5484,3.48166723153,nan,nan,nan,-0.0,1.0
822,4873,1.0,3.321,3.5484,3.48150769546,nan,nan,nan,-0.0,1.0
823,5200,1.0,3.321,3.5502,3.48590503846,nan,nan,nan,-0.0,1.0
824,5056,1.0,3.3354,3.5502,3.47865379747,nan,nan,nan,-0.0,1.0
825,5015,1.0,3.3372,3.5502,3.48286935194,nan,nan,nan,-0.0,1.0
826,4937,1.0,3.2976,3.5472,3.48265302815,nan,nan,nan,-0.0,1.0
827,4954,1.0,3.2976,3.5526,3.48537335486,nan,nan,nan,-0.0,1.0
828,4854,1.0,3.2976,3.5526,3.4841538937,nan,nan,nan,-0.0,1.0
829,4999,1.0,3.3222,3.5478,3.48585837167,nan,nan,nan,-0.0,1.0
830,4948,1.0,3.3456,3.549,3.48472687955,nan,nan,nan,-0.0,1.0
831,4980,1.0,3.3558,3.549,3.48395590361,nan,nan,nan,-0.0,1.0
832,5093,1.0,3.309,3.5496,3.48441570783,nan,nan,nan,-0.0,1.0
833,5003,1.0,3.309,3.5496,3.48205340796,nan,nan,nan,-0.0,1.0
834,5020,1.0,3.309,3.552,3.48269414343,nan,nan,nan,-0.0,1.0
835,4974,1.0,3.2442,3.552,3.48546875754,nan,nan,nan,-0.0,1.0
836,5002,1.0,3.2442,3.552,3.48444014394,nan,nan,nan,-0.0,1.0
837,4962,1.0,3.2442,3.552,3.48267037485,nan,nan,nan,-0.0,1.0
838,5050,1.0,3.2442,3.552,3.48328063366,nan,nan,nan,-0.0,1.0
839,5151,1.0,3.3486,3.552,3.48237658707,nan,nan,nan,-0.0,1.0
840,4987,1.0,3.3474,3.5478,3.47919799479,nan,nan,nan,-0.0,1.0
841,5045,1.0,3.3474,3.5478,3.48217795837,nan,nan,nan,-0.0,1.0
842,5008,1.0,3.3474,3.5478,3.48045035942,nan,nan,nan,-0.0,1.0
843,5020,1.0,3.2898,3.549,3.4853198008,nan,nan,nan,-0.0,1.0
844,5041,1.0,3.2898,3.549,3.48052525293,nan,nan,nan,-0.0,1.0
845,5081,1.0,3.2892,3.549,3.48380192875,nan,nan,nan,-0.0,1.0
846,4997,1.0,3.2892,3.5484,3.48313472083,nan,nan,nan,-0.0,1.0
847,5003,1.0,3.2892,3.5502,3.48146695982,nan,nan,nan,-0.0,1.0
848,5079,1.0,3.3084,3.5502,3.48270797401,nan,nan,nan,-0.0,1.0
849,5139,1.0,3.3084,3.5502,3.48179089317,nan,nan,nan,-0.0,1.0
850,4947,1.0,3.3018,3.549,3.48096713159,nan,nan,nan,-0.0,1.0
851,5025,1.0,3.3018,3.549,3.48290973134,nan,nan,nan,-0.0,1.0
852,5039,1.0,3.3018,3.549,3.48156840643,nan,nan,nan,-0.0,1.0
853,4920,1.0,3.3486,3.5508,3.48223890244,nan,nan,nan,-0.0,1.0
854,5153,1.0,3.312,3.5508,3.48418288376,nan,nan,nan,-0.0,1.0
855,5038,1.0,3.2862,3.5508,3.48121059944,nan,nan,nan,-0.0,1.0
856,5007,1.0,3.2862,3.549,3.48077171959,nan,nan,nan,-0.0,1.0
857,4880,1.0,3.2862,3.5538,3.48441946721,nan,nan,nan,-0.0,1.0
858,5001,1.0,3.333,3.5538,3.48515824835,nan,nan,nan,-0.0,1.0
859,5034,1.0,3.2838,3.5538,3.48513361144,nan,nan,nan,-0.0,1.0
860,4987,1.0,3.2838,3.5514,3.48071574093,nan,nan,nan,-0.0,1.0
861,5031,1.0,3.2838,3.5514,3.48215670841,nan,nan,nan,-0.0,1.0
862,5109,1.0,3.3612,3.549,3.48012072813,nan,nan,nan,-0.0,1.0
863,5064,1.0,3.3474,3.5496,3.48041599526,nan,nan,nan,-0.0,1.0
864,5047,1.0,3.2892,3.5496,3.48334059838,nan,nan,nan,-0.0,1.0
865,5077,1.0,3.2892,3.5496,3.48134441599,nan,nan,nan,-0.0,1.0
866,5036,1.0,3.2892,3.558,3.48248137411,nan,nan,nan,-0.0,1.0
867,5016,1.0,3.2484,3.558,3.48406160287,nan,nan,nan,-0.0,1.0
868,5055,1.0,3.2484,3.5502,3.48277234421,nan,nan,nan,-0.0,1.0
869,5011,1.0,3.2484,3.5502,3.48112300938,nan,nan,nan,-0.0,1.0
870,4956,1.0,3.3006,3.5526,3.48194455206,nan,nan,nan,-0.0,1.0
871,5006,1.0,3.348,3.5526,3.48243032361,nan,nan,nan,-0.0,1.0
872,5087,1.0,3.348,3.5526,3.4818002359,nan,nan,nan,-0.0,1.0
873,4979,1.0,3.348,3.5478,3.48163237598,nan,nan,nan,-0.0,1.0
874,5045,1.0,3.3504,3.5484,3.48313498513,nan,nan,nan,-0.0,1.0
875,4901,1.0,3.3102,3.5484,3.48190344828,nan,nan,nan,-0.0,1.0
876,4987,1.0,3.2976,3.5496,3.48661552035,nan,nan,nan,-0.0,1.0
877,5087,1.0,3.2976,3.5496,3.48199897779,nan,nan,nan,-0.0,1.0
878,4950,1.0,3.2976,3.5496,3.48023515152,nan,nan,nan,-0.0,1.0
879,4931,1.0,3.3156,3.549,3.48461334415,nan,nan,nan,-0.0,1.0
880,4952,1.0,3.3156,3.5526,3.48443796446,nan,nan,nan,-0.0,1.0
881,4971,1.0,3.3156,3.5526,3.48565962583,nan,nan,nan,-0.0,1.0
882,4969,1.0,3.3528,3.5526,3.48462889917,nan,nan,nan,-0.0,1.0
883,5041,1.0,3.3486,3.5526,3.48360511803,nan,nan,nan,-0.0,1.0
884,5024,1.0,3.2838,3.5526,3.48441890924,nan,nan,nan,-0.0,1.0
885,4929,1.0,3.2838,3.5496,3.48133962264,nan,nan,nan,-0.0,1.0
886,5010,1.0,3.2838,3.5508,3.48345760479,nan,nan,nan,-0.0,1.0
887,5054,1.0,3.3546,3.5508,3.48188749505,nan,nan,nan,-0.0,1.0
888,4972,1.0,3.3522,3.5508,3.48337071601,nan,nan,nan,-0.0,1.0
889,4916,1.0,3.2934,3.5526,3.48315305126,nan,nan,nan,-0.0,1.0
890,4982,1.0,3.2934,3.5526,3.48432332397,nan,nan,nan,-0.0,1.0
891,5039,1.0,3.2934,3.5526,3.48266195674,nan,nan,nan,-0.0,1.0
892,5002,1.0,3.3492,3.5508,3.48190435826,nan,nan,nan,-0.0,1.0
893,4991,1.0,3.348,3.5466,3.48390018032,nan,nan,nan,-0.0,1.0
894,5005,1.0,3.3078,3.5472,3.48409642358,nan,nan,nan,-0.0,1.0
895,5102,1.0,3.3078,3.5496,3.4821372795,nan,nan,nan,-0.0,1.0
896,5016,1.0,3.3468,3.5508,3.48122332536,nan,nan,nan,-0.0,1.0
897,4944,1.0,3.3468,3.5508,3.4822881068,nan,nan,nan,-0.0,1.0
898,5052,1.0,3.3606,3.5508,3.48393444181,nan,nan,nan,-0.0,1.0
899,5075,1.0,3.3468,3.5484,3.48249304433,nan,nan,nan,-0.0,1.0
900,4936,1.0,3.3372,3.5484,3.48418480551,nan,nan,nan,-0.0,1.0
901,5079,1.0,3.3372,3.5484,3.48406414649,nan,nan,nan,-0.0,1.0
902,5029,1.0,3.2808,3.5484,3.48266593756,nan,nan,nan,-0.0,1.0
903,5101,1.0,3.2358,3.5478,3.48196196824,nan,nan,nan,-0.0,1.0
904,5101,1.0,3.2358,3.5532,3.47918239561,nan,nan,nan,-0.0,1.0
905,4967,1.0,3.2358,3.5532,3.47946800886,nan,nan,nan,-0.0,1.0
906,4947,1.0,3.3522,3.5532,3.48217768344,nan,nan,nan,-0.0,1.0
907,4938,1.0,3.3054,3.5526,3.48601931956,nan,nan,nan,-0.0,1.0
908,4954,1.0,3.3054,3.5478,3.48451574485,nan,nan,nan,-0.0,1.0
909,4991,1.0,3.3498,3.5478,3.48413340012,nan,nan,nan,-0.0,1.0
910,4938,1.0,3.3498,3.5478,3.48502928311,nan,nan,nan,-0.0,1.0
911,5020,1.0,3.3534,3.552,3.48361804781,nan,nan,nan,-0.0,1.0
912,5010,1.0,3.3534,3.552,3.4816439521,nan,nan,nan,-0.0,1.0
913,4970,1.0,3.3534,3.5478,3.48192482897,nan,nan,nan,-0.0,1.0
914,4932,1.0,3.3516,3.5532,3.48236642336,nan,nan,nan,-0.0,1.0
915,5010,1.0,3.3516,3.5532,3.48448359281,nan,nan,nan,-0.0,1.0
916,5055,1.0,3.3516,3.5532,3.48274824926,nan,nan,nan,-0.0,1.0
917,5078,1.0,3.3516,3.552,3.48353536826,nan,nan,nan,-0.0,1.0
918,4951,1.0,3.3516,3.552,3.48082274288,nan,nan,nan,-0.0,1.0
919,5058,1.0,3.3522,3.558,3.48322538553,nan,nan,nan,-0.0,1.0
920,5137,1.0,3.3522,3.558,3.48273030952,nan,nan,nan,-0.0,1.0
921,5023,1.0,3.3366,3.558,3.47927911607,nan,nan,nan,-0.0,1.0
922,4974,1.0,3.3366,3.5568,3.48158914355,nan,nan,nan,-0.0,1.0
923,4938,1.0,3.3426,3.5484,3.48329234508,nan,nan,nan,-0.0,1.0
924,4970,1.0,3.2532,3.5514,3.48588144869,nan,nan,nan,-0.0,1.0
925,5057,1.0,3.2532,3.5526,3.48633339925,nan,nan,nan,-0.0,1.0
926,5149,1.0,3.2532,3.5526,3.48212662653,nan,nan,nan,-0.0,1.0
927,4920,1.0,3.342,3.5526,3.48094231707,nan,nan,nan,-0.0,1.0
928,4875,1.0,3.3444,3.5472,3.48466855385,nan,nan,nan,-0.0,1.0
929,4998,1.0,3.3156,3.5478,3.48735246098,nan,nan,nan,-0.0,1.0
930,4995,1.0,3.3156,3.5478,3.48354234234,nan,nan,nan,-0.0,1.0
931,4927,1.0,3.3156,3.5478,3.48220576416,nan,nan,nan,-0.0,1.0
932,4976,1.0,3.3066,3.5478,3.48655876206,nan,nan,nan,-0.0,1.0
933,4898,1.0,3.2808,3.5478,3.48481041241,nan,nan,nan,-0.0,1.0
934,5031,1.0,3.2808,3.549,3.48438640429,nan,nan,nan,-0.0,1.0
935,5071,1.0,3.2808,3.5496,3.48236438572,nan,nan,nan,-0.0,1.0
936,5103,1.0,3.3096,3.5574,3.48278941799,nan,nan,nan,-0.0,1.0
937,4849,1.0,3.3096,3.5574,3.48013660549,nan,nan,nan,-0.0,1.0
938,5023,1.0,3.3414,3.5574,3.48499840733,nan,nan,nan,-0.0,1.0
939,4950,1.0,3.291,3.549,3.48331551515,nan,nan,nan,-0.0,1.0
940,5060,1.0,3.291,3.5496,3.48429403162,nan,nan,nan,-0.0,1.0
941,4901,1.0,3.3558,3.5508,3.48100289737,nan,nan,nan,-0.0,1.0
942,5022,1.0,3.3558,3.5508,3.48396212664,nan,nan,nan,-0.0,1.0
943,5054,1.0,3.3036,3.5508,3.48316941037,nan,nan,nan,-0.0,1.0
944,5060,1.0,3.3036,3.5496,3.48012996047,nan,nan,nan,-0.0,1.0
945,5007,1.0,3.3036,3.5466,3.48078753745,nan,nan,nan,-0.0,1.0
946,5104,1.0,3.306,3.5532,3.48316504702,nan,nan,nan,-0.0,1.0
947,4930,1.0,3.306,3.5532,3.4808243002,nan,nan,nan,-0.0,1.0
948,4869,1.0,3.306,3.5532,3.4826120764,nan,nan,nan,-0.0,1.0
949,5011,1.0,3.3084,3.555,3.48434583915,nan,nan,nan,-0.0,1.0
950,5060,1.0,3.3084,3.555,3.4821983004,nan,nan,nan,-0.0,1.0
951,4965,1.0,3.3618,3.555,3.48252374622,nan,nan,nan,-0.0,1.0
952,4902,1.0,3.3618,3.555,3.48217025704,nan,nan,nan,-0.0,1.0
953,4983,1.0,3.3618,3.5568,3.48614822396,nan,nan,nan,-0.0,1.0
954,5027,1.0,3.3456,3.5568,3.48301229361,nan,nan,nan,-0.0,1.0
955,5026,1.0,3.2982,3.5568,3.48354938321,nan,nan,nan,-0.0,1.0
956,4978,1.0,3.2982,3.5526,3.48110875854,nan,nan,nan,-0.0,1.0
957,4984,1.0,3.2982,3.5526,3.4840149679,nan,nan,nan,-0.0,1.0
958,4900,1.0,3.3138,3.5478,3.48397665306,nan,nan,nan,-0.0,1.0
959,5103,1.0,3.303,3.5538,3.48642480894,nan,nan,nan,-0.0,1.0
960,4969,1.0,3.303,3.5538,3.48110714429,nan,nan,nan,-0.0,1.0
961,5025,1.0,3.2586,3.5538,3.48513241791,nan,nan,nan,-0.0,1.0
962,5013,1.0,3.2586,3.5544,3.48206427289,nan,nan,nan,-0.0,1.0
963,4981,1.0,3.2586,3.5544,3.48377056816,nan,nan,nan,-0.0,1.0
964,5007,1.0,3.2646,3.5544,3.48285704014,nan,nan,nan,-0.0,1.0
965,4997,1.0,3.3066,3.5526,3.48397858715,nan,nan,nan,-0.0,1.0
966,5000,1.0,3.3066,3.5526,3.4835226,nan,nan,nan,-0.0,1.0
967,4968,1.0,3.3066,3.549,3.48096956522,nan,nan,nan,-0.0,1.0
968,4996,1.0,3.348,3.549,3.48244827862,nan,nan,nan,-0.0,1.0
969,4960,1.0,3.3468,3.549,3.48363979839,nan,nan,nan,-0.0,1.0
970,4988,1.0,3.2826,3.552,3.48508147554,nan,nan,nan,-0.0,1.0
971,4860,1.0,3.2826,3.552,3.48370506173,nan,nan,nan,-0.0,1.0
972,4944,1.0,3.2826,3.5532,3.48576917476,nan,nan,nan,-0.0,1.0
973,4962,1.0,3.2826,3.5532,3.48489866989,nan,nan,nan,-0.0,1.0
974,5097,1.0,3.2838,3.5532,3.48419117128,nan,nan,nan,-0.0,1.0
975,4955,1.0,3.2838,3.5514,3.48192205853,nan,nan,nan,-0.0,1.0
976,4960,1.0,3.2838,3.5508,3.48316778226,nan,nan,nan,-0.0,1.0
977,4896,1.0,3.3432,3.5508,3.48538688725,nan,nan,nan,-0.0,1.0
978,4932,1.0,3.3036,3.5472,3.48773965937,nan,nan,nan,-0.0,1.0
979,5032,1.0,3.3036,3.552,3.48513338633,nan,nan,nan,-0.0,1.0
980,5031,1.0,3.3036,3.552,3.48110852713,nan,nan,nan,-0.0,1.0
981,5061,1.0,3.3036,3.552,3.48357379964,nan,nan,nan,-0.0,1.0
982,5000,1.0,3.3198,3.5472,3.48137004,nan,nan,nan,-0.0,1.0
983,5163,1.0,3.2994,3.5472,3.48245601395,nan,nan,nan,-0.0,1.0
984,4989,1.0,3.2994,3.5466,3.48018749248,nan,nan,nan,-0.0,1.0
985,4951,1.0,3.3018,3.5466,3.48262540901,nan,nan,nan,-0.0,1.0
986,5004,1.0,3.3018,3.555,3.48518848921,nan,nan,nan,-0.0,1.0
987,4922,1.0,3.3018,3.555,3.48337935798,nan,nan,nan,-0.0,1.0
988,4932,1.0,3.3216,3.5562,3.48482919708,nan,nan,nan,-0.0,1.0
989,5019,1.0,3.3216,3.5562,3.48519414226,nan,nan,nan,-0.0,1.0
990,4979,1.0,3.3216,3.5562,3.48260281181,nan,nan,nan,-0.0,1.0
991,4899,1.0,3.3216,3.5538,3.48412320882,nan,nan,nan,-0.0,1.0
992,4991,1.0,3.3498,3.5466,3.48648711681,nan,nan,nan,-0.0,1.0
993,4951,1.0,3.3498,3.5466,3.48311537063,nan,nan,nan,-0.0,1.0
994,5054,1.0,3.3498,3.5484,3.48350146419,nan,nan,nan,-0.0,1.0
995,5020,1.0,3.3498,3.5538,3.48200928287,nan,nan,nan,-0.0,1.0
996,4914,1.0,3.3168,3.5538,3.48378852259,nan,nan,nan,-0.0,1.0
997,5058,1.0,3.3168,3.5538,3.48356559905,nan,nan,nan,-0.0,1.0
998,5078,1.0,3.3168,3.5484,3.48072394644,nan,nan,nan,-0.0,1.0
999,5015,1.0,3.3378,3.5484,3.48068087737,nan,nan,nan,-0.0,1.0
1000,5011,1.0,3.2874,3.5484,3.48412324885,nan,nan,nan,-0.0,1.0
